Date,open,high,low,close,volume
2017-11-06,308.6449890136719,329.4519958496094,294.5419921875,307.9079895019531,4235016896
2017-11-13,307.0249938964844,371.2909851074219,307.0249938964844,354.385986328125,6084391936
2017-11-20,354.093994140625,485.1919860839844,350.6929931640625,471.3299865722656,9316127936
2017-11-27,471.531005859375,522.3070068359375,401.2430114746094,465.8529968261719,10504046976
2017-12-04,466.0539855957031,504.1470031738281,414.4110107421875,441.72100830078125,12094509888
2017-12-11,440.3580017089844,753.1209716796875,439.10400390625,719.9749755859375,22369179776
2017-12-18,721.7319946289062,881.9439697265625,543.7620239257812,694.1480102539062,24643379968
2017-12-25,698.8699951171875,789.2529907226562,685.2310180664062,756.7329711914062,17573120000
2018-01-01,755.7570190429688,1153.1700439453125,742.0040283203125,1153.1700439453125,36890379264
2018-01-08,1158.260009765625,1432.8800048828125,1016.0499877929688,1366.77001953125,48677970944
2018-01-15,1365.2099609375,1390.5899658203125,780.9219970703125,1049.5799560546875,39107450112
2018-01-22,1055.3499755859375,1257.77001953125,920.5399780273438,1246.010009765625,27353920000
2018-01-29,1246.699951171875,1256.699951171875,757.97998046875,834.6820068359375,29796040448
2018-02-05,834.9580078125,917.4000244140625,574.4190063476562,814.6599731445312,26305170176
2018-02-12,817.5079956054688,982.9329833984375,817.5079956054688,923.9210205078125,17505550464
2018-02-19,921.6680297851562,965.2650146484375,794.791015625,844.8099975585938,15304739968
2018-02-26,845.2780151367188,896.2589721679688,840.280029296875,866.677978515625,13222689920
2018-03-05,866.8460083007812,869.9199829101562,648.1069946289062,723.3389892578125,13237279872
2018-03-12,724.406005859375,742.5139770507812,460.0880126953125,538.6439819335938,12142639872
2018-03-19,546.6259765625,589.6069946289062,512.1270141601562,524.2869873046875,11232729984
2018-03-26,524.2869873046875,526.3790283203125,363.80499267578125,379.60699462890625,11200210048
2018-04-02,379.6990051269531,418.9679870605469,366.9110107421875,400.50799560546875,7831139008
2018-04-09,400.85699462890625,531.7020263671875,390.6099853515625,531.7020263671875,12297209856
2018-04-16,532.073974609375,640.7670288085938,500.25,621.8599853515625,15427349760
2018-04-23,621.198974609375,708.875,600.2119750976562,688.8809814453125,21004189952
2018-04-30,689.760986328125,835.0570068359375,637.5399780273438,792.3109741210938,22239290112
2018-05-07,793.3389892578125,795.7579956054688,644.0659790039062,733.4959716796875,21184490240
2018-05-14,732.7329711914062,742.1699829101562,663.8090209960938,715.3690185546875,16839129984
2018-05-21,717.1929931640625,719.2780151367188,557.2059936523438,572.6680297851562,15616179712
2018-05-28,573.0449829101562,624.5130004882812,512.552001953125,618.3289794921875,14385560320
2018-06-04,619.43701171875,623.4290161132812,511.8890075683594,526.47900390625,12776339968
2018-06-11,524.8569946289062,538.9550170898438,459.0039978027344,500.447998046875,12840910080
2018-06-18,499.38299560546875,543.7169799804688,426.468994140625,457.6719970703125,12666790016
2018-06-25,455.9360046386719,470.343994140625,407.9469909667969,453.9179992675781,12646410112
2018-07-02,453.8240051269531,503.1990051269531,447.1109924316406,489.1189880371094,11018640000
2018-07-09,488.87799072265625,490.85198974609375,422.80999755859375,449.8500061035156,10316429952
2018-07-16,450.42498779296875,513.4329833984375,443.6929931640625,459.6570129394531,13251330048
2018-07-23,459.4389953613281,483.6960144042969,449.7279968261719,466.6650085449219,12334920064
2018-07-30,466.8269958496094,467.9519958496094,399.9100036621094,410.5159912109375,12005330000
2018-08-06,410.5669860839844,414.5400085449219,308.4880065917969,319.57000732421875,11961110000
2018-08-13,320.2099914550781,323.5509948730469,254.64999389648438,300.8340148925781,12527550000
2018-08-20,301.3810119628906,304.37200927734375,264.99798583984375,275.1969909667969,9221910000
2018-08-27,275.3500061035156,301.1440124511719,273.6499938964844,294.3710021972656,10187290000
2018-09-03,295.1809997558594,295.59100341796875,188.30599975585938,196.9239959716797,12218500000
2018-09-10,197.8509979248047,226.60400390625,170.2570037841797,220.58900451660156,12682370000
2018-09-17,221.58200073242188,251.1959991455078,195.30799865722656,244.3300018310547,13787440000
2018-09-24,244.843994140625,245.10800170898438,206.49000549316406,232.84800720214844,13647920000
2018-10-01,233.22000122070312,234.14500427246094,213.9709930419922,226.11900329589844,10825890000
2018-10-08,226.50900268554688,230.76499938964844,188.70700073242188,195.71499633789062,10252300000
2018-10-15,195.27000427246094,222.1179962158203,194.15899658203125,205.14199829101562,10901660000
2018-10-22,205.1739959716797,206.9320068359375,201.55099487304688,205.36599731445312,8156850000
2018-10-29,205.1739959716797,211.27200317382812,195.73399353027344,207.48599243164062,10168130000
2018-11-05,207.10000610351562,221.65199279785156,206.572998046875,211.33999633789062,11601470000
2018-11-12,211.51300048828125,212.6230010986328,170.18899536132812,177.06700134277344,13955430000
2018-11-19,177.1790008544922,177.1790008544922,101.7699966430664,116.44999694824219,16623370000
2018-11-26,116.34300231933594,126.0479965209961,102.4520034790039,116.38890075683594,15337492464
2018-12-03,116.3787612915039,116.61906433105469,83.46971893310547,95.14205932617188,14107378338
2018-12-10,94.99217224121094,96.2573013305664,82.82988739013672,85.26210021972656,11464947012
2018-12-17,85.38211059570312,133.07530212402344,85.38211059570312,130.7652587890625,18450319823
2018-12-24,130.64166259765625,157.668701171875,115.65010070800781,139.8594512939453,21961215315
2018-12-31,140.03106689453125,160.82489013671875,132.51939392089844,157.74620056152344,20317174185
2019-01-07,157.8094940185547,158.45042419433594,116.08596801757812,116.8978042602539,18086850583
2019-01-14,116.97909545898438,130.8567352294922,116.96755981445312,119.4748306274414,19191855390
2019-01-21,119.63645935058594,119.71543884277344,113.40528869628906,113.40528869628906,17846974720
2019-01-28,113.28523254394531,113.688232421875,103.33646392822266,107.49266815185547,19416244611
2019-02-04,107.62582397460938,124.85362243652344,102.93456268310547,124.80648803710938,19617823832
2019-02-11,124.87153625488281,134.46009826660156,119.60002136230469,133.598876953125,23253993775
2019-02-18,133.0325469970703,165.54962158203125,133.00193786621094,135.8526611328125,33402513004
2019-02-25,135.49972534179688,142.52557373046875,131.328857421875,132.24942016601562,28668576022
2019-03-04,132.1578826904297,140.85787963867188,125.40270233154297,136.75868225097656,31970455850
2019-03-11,136.8495330810547,144.55844116210938,130.94415283203125,140.00054931640625,31314512819
2019-03-18,140.1048583984375,142.2672119140625,135.8554229736328,136.98692321777344,31748923603
2019-03-25,137.08135986328125,149.6132354736328,133.4901580810547,141.51409912109375,32890556026
2019-04-01,141.46548461914062,178.32205200195312,140.73756408691406,174.53164672851562,55308734158
2019-04-08,174.44967651367188,184.3778533935547,161.0297393798828,167.83851623535156,48696587657
2019-04-15,167.89747619628906,176.705810546875,159.5557403564453,170.04652404785156,42109293905
2019-04-22,170.01748657226562,176.8507843017578,152.08567810058594,157.29507446289062,46112628593
2019-04-29,157.2910614013672,170.64593505859375,153.1865234375,163.45069885253906,44058849491
2019-05-06,163.33798217773438,203.46664428710938,159.98818969726562,187.3253173828125,59856021616
2019-05-13,187.4179229736328,275.3944396972656,185.305908203125,261.2922058105469,94259616435
2019-05-20,261.2674865722656,269.1665344238281,233.7930908203125,267.06964111328125,71388198150
2019-05-27,267.1418762207031,287.2016296386719,247.34860229492188,270.22552490234375,75802917472
2019-06-03,270.08856201171875,270.3341064453125,229.25743103027344,233.08670043945312,59494279379
2019-06-10,232.83013916015625,278.1431884765625,229.34176635742188,269.22320556640625,59091597666
2019-06-17,269.090576171875,318.565673828125,263.1444396972656,307.8277893066406,52247018104
2019-06-24,307.7221374511719,361.398681640625,278.5732421875,290.69598388671875,81069795996
2019-07-01,290.26849365234375,310.1393127441406,272.6025695800781,305.7005615234375,63758696006
2019-07-08,305.7347717285156,318.2231140136719,227.2692108154297,227.57806396484375,64474442450
2019-07-15,227.96505737304688,235.02565002441406,193.99041748046875,225.63076782226562,59743620424
2019-07-22,225.6986541748047,226.86257934570312,202.25289916992188,211.18655395507812,44707643476
2019-07-29,211.1236572265625,224.62322998046875,206.86761474609375,222.6697235107422,40040161993
2019-08-05,222.65087890625,239.11590576171875,203.79310607910156,216.09286499023438,49136843740
2019-08-12,216.055908203125,216.14256286621094,178.14256286621094,194.4935302734375,45877953733
2019-08-19,194.5560302734375,203.56015014648438,182.68917846679688,186.84239196777344,46632300378
2019-08-26,186.7355499267578,193.4421844482422,167.0714111328125,171.62942504882812,44238019253
2019-09-02,171.69760131835938,182.97708129882812,168.34133911132812,181.35552978515625,45055593571
2019-09-09,181.36248779296875,190.3993377685547,176.50091552734375,189.78912353515625,45198762797
2019-09-16,189.6893310546875,222.87168884277344,189.6893310546875,211.54537963867188,61873464397
2019-09-23,211.7132110595703,211.84051513671875,157.1303253173828,170.50347900390625,58169155810
2019-09-30,170.4613494873047,185.0455322265625,167.03660583496094,173.05914306640625,45885221242
2019-10-07,172.94033813476562,195.3188018798828,171.52781677246094,182.0751495361328,56130669074
2019-10-14,182.02847290039062,187.75987243652344,171.0050506591797,175.5343780517578,50355262089
2019-10-21,175.52474975585938,195.9425048828125,157.4634246826172,184.24221801757812,65738937005
2019-10-28,184.3975067138672,191.8467559814453,179.81814575195312,182.42501831054688,67116189196
2019-11-04,182.31903076171875,193.54725646972656,181.8216094970703,189.47727966308594,65020785596
2019-11-11,189.5029296875,190.3384246826172,179.3795623779297,185.11923217773438,53855340906
2019-11-18,185.0414581298828,186.92715454101562,142.34410095214844,142.83470153808594,59169235619
2019-11-25,142.69700622558594,156.84840393066406,133.80233764648438,151.18572998046875,55908526365
2019-12-02,151.17547607421875,153.1553955078125,145.00088500976562,151.2647247314453,46298515511
2019-12-09,151.22439575195312,151.9139404296875,139.4269561767578,143.114990234375,50079312865
2019-12-16,143.1395263671875,143.224853515625,119.78005981445312,132.3725128173828,64222383055
2019-12-23,132.30699157714844,136.8112030029297,124.82080841064453,134.7579803466797,60680673988
2019-12-30,134.79652404785156,139.4102020263672,126.49002075195312,136.2767791748047,60136182925
2020-01-06,136.3055419921875,146.8280029296875,135.52040100097656,145.87393188476562,62381414344
2020-01-13,146.2201385498047,178.52877807617188,142.90713500976562,166.9698486328125,97639543132
2020-01-20,166.9041290283203,171.00869750976562,156.74974060058594,168.0771026611328,68717085329
2020-01-27,168.00885009765625,193.0803985595703,166.90109252929688,188.61753845214844,83460146823
2020-02-03,188.60740661621094,229.86424255371094,185.40362548828125,228.5785675048828,103844093984
2020-02-10,228.54913330078125,287.1236877441406,218.08004760742188,259.89471435546875,155914144464
2020-02-17,259.89056396484375,283.5379333496094,244.3353271484375,273.754150390625,155804425527
2020-02-24,273.705078125,275.5395202636719,212.66452026367188,218.97059631347656,155085502169
2020-03-02,218.7116241455078,249.97848510742188,200.6029815673828,200.68905639648438,135115381288
2020-03-09,201.31849670410156,207.45140075683594,95.1843032836914,125.21430206298828,134434550043
2020-03-16,124.9961166381836,150.8538055419922,105.17144012451172,123.32115173339844,101229181040
2020-03-23,123.36598205566406,141.9485321044922,121.86788177490234,125.58373260498047,87056124995
2020-03-30,125.57789611816406,146.89987182617188,125.28968048095703,143.54664611816406,87098050994
2020-04-06,143.60821533203125,175.20413208007812,143.5446014404297,161.14242553710938,121920291111
2020-04-13,160.72067260742188,188.0989227294922,150.3594207763672,181.61495971679688,124291707826
2020-04-20,181.480224609375,199.344970703125,170.32127380371094,197.31753540039062,130380747534
2020-04-27,197.47572326660156,227.52969360351562,193.45416259765625,210.9331512451172,150920674315
2020-05-04,210.89085388183594,216.3276824951172,182.71116638183594,188.5995635986328,150152686073
2020-05-11,188.63218688964844,209.1609344482422,180.7183380126953,207.15869140625,120611336121
2020-05-18,207.17977905273438,215.90846252441406,193.346435546875,202.37034606933594,92336624901
2020-05-25,201.98265075683594,244.04525756835938,200.2642822265625,230.9757080078125,82946409011
2020-06-01,230.86026000976562,252.2220001220703,230.48805236816406,245.16725158691406,74719731540
2020-06-08,245.17857360839844,249.8883056640625,229.6450653076172,234.1147003173828,61122813318
2020-06-15,234.0583038330078,236.39430236816406,221.24176025390625,228.9898223876953,51716551698
2020-06-22,229.0033721923828,248.50802612304688,219.47267150878906,225.34716796875,51841369946
2020-06-29,225.36143493652344,232.75611877441406,222.25498962402344,227.6645965576172,41125720927
2020-07-06,227.6850128173828,248.30886840820312,227.02952575683594,242.13169860839844,53066933316
2020-07-13,242.18186950683594,244.31051635742188,231.6211700439453,238.48751831054688,44675225989
2020-07-20,238.494873046875,316.3863220214844,234.85264587402344,309.64361572265625,62645824049
2020-07-27,309.6579284667969,411.2283020019531,307.7213439941406,370.6717224121094,95693504118
2020-08-03,371.13385009765625,406.303955078125,367.9355163574219,391.1204528808594,82646258586
2020-08-10,391.04150390625,444.5777587890625,367.9236145019531,433.78662109375,95016597656
2020-08-17,433.9737548828125,442.7349853515625,382.81463623046875,391.3844909667969,78437445412
2020-08-24,391.6789855957031,428.6639709472656,374.3553771972656,428.3957214355469,72292749517
2020-08-31,428.5090026855469,487.2118835449219,316.77435302734375,353.3622741699219,145223038277
2020-09-07,353.45025634765625,388.9598083496094,326.2543640136719,365.57000732421875,141321660574
2020-09-14,365.6995849609375,393.901611328125,356.6827392578125,371.0528259277344,107134484147
2020-09-21,371.400146484375,375.7370300292969,318.54510498046875,357.4385070800781,99772858716
2020-09-28,357.9259338378906,369.264404296875,336.4671630859375,352.5790100097656,87329078295
2020-10-05,352.73681640625,378.26715087890625,334.5455627441406,375.1420593261719,89277738125
2020-10-12,374.7987365722656,395.1221618652344,362.597412109375,378.21368408203125,95646232659
2020-10-19,378.4696350097656,420.14166259765625,367.60107421875,406.2177734375,99915168196
2020-10-26,406.2179870605469,411.2798767089844,375.0924072265625,396.3581848144531,92733203628
2020-11-02,396.3559875488281,465.67547607421875,371.312744140625,453.5547790527344,104056836726
2020-11-09,453.57415771484375,475.2172546386719,435.16387939453125,447.55908203125,86559593873
2020-11-16,447.5589904785156,579.3724975585938,445.5016174316406,558.068115234375,117742517844
2020-11-23,558.0595092773438,621.1734008789062,485.497314453125,575.758056640625,148365425751
2020-11-30,575.757080078125,635.1605834960938,563.1066284179688,601.9089965820312,121611808952
2020-12-07,601.797119140625,602.9179077148438,532.9984130859375,589.6632080078125,81351653045
2020-12-14,589.782470703125,673.834228515625,577.118408203125,638.2908325195312,100712316665
2020-12-21,638.315185546875,711.3935546875,560.3642578125,682.642333984375,113119816165
2020-12-28,683.205810546875,1006.5650024414062,683.205810546875,975.5076904296875,152747909037
2021-01-04,977.058837890625,1347.9261474609375,912.3053588867188,1262.2467041015625,301834730092
2021-01-11,1261.6229248046875,1290.0535888671875,924.922607421875,1230.1722412109375,259298253002
2021-01-18,1230.313232421875,1432.300048828125,1046.5965576171875,1391.609375,273320283914
2021-01-25,1390.639892578125,1467.784912109375,1215.311279296875,1314.9862060546875,268597730348
2021-02-01,1314.855224609375,1756.510986328125,1274.3577880859375,1614.227783203125,280790741209
2021-02-08,1613.6422119140625,1871.603515625,1571.5799560546875,1805.0841064453125,274834235664
2021-02-15,1804.6767578125,2036.2864990234375,1683.9066162109375,1935.60107421875,222027748895
2021-02-22,1935.557861328125,1936.4537353515625,1300.47216796875,1416.0489501953125,230065320353
2021-03-01,1417.151123046875,1730.9241943359375,1416.4161376953125,1723.15380859375,159760752478
2021-03-08,1724.229248046875,1937.6455078125,1670.9420166015625,1854.5643310546875,167054641757
2021-03-15,1854.086669921875,1889.1966552734375,1705.716064453125,1788.217041015625,164754388552
2021-03-22,1788.3621826171875,1811.96826171875,1560.3704833984375,1691.35595703125,163726181464
2021-03-29,1691.26318359375,2152.451904296875,1683.716552734375,2093.122802734375,199331046462
2021-04-05,2093.2607421875,2196.996337890625,1945.442138671875,2157.656982421875,184033037350
2021-04-12,2157.36181640625,2547.5556640625,2011.766845703125,2237.136962890625,238346115303
2021-04-19,2238.03271484375,2641.094970703125,2060.143798828125,2316.0595703125,285051627060
2021-04-26,2319.47802734375,2984.891845703125,2308.315185546875,2952.05615234375,220866851897
2021-05-03,2951.17578125,3981.259033203125,2951.17578125,3928.8447265625,344594950620
2021-05-10,3924.413330078125,4362.3505859375,3350.95166015625,3587.506103515625,400749195286
2021-05-17,3581.343017578125,3587.765625,1737.46875,2109.579833984375,398441727887
2021-05-24,2099.93603515625,2911.735595703125,2090.6396484375,2390.305419921875,278778310752
2021-05-31,2387.198486328125,2891.2548828125,2279.505126953125,2715.0927734375,206114234750
2021-06-07,2713.04736328125,2845.18505859375,2265.758056640625,2508.3916015625,214989180606
2021-06-14,2508.7705078125,2639.229248046875,2049.962646484375,2246.364501953125,165998018623
2021-06-21,2245.31787109375,2259.464111328125,1707.6005859375,1978.8946533203125,181271282626
2021-06-28,1981.386474609375,2384.286865234375,1963.615478515625,2321.72412109375,173236166989
2021-07-05,2321.9228515625,2403.7734375,2051.066650390625,2139.664794921875,141898628328
2021-07-12,2140.5068359375,2167.710205078125,1853.59033203125,1895.5521240234375,109461389917
2021-07-19,1893.0535888671875,2197.6494140625,1722.05078125,2191.373779296875,117099495933
2021-07-26,2191.309814453125,2695.429443359375,2154.731201171875,2561.85205078125,148899026374
2021-08-02,2557.774658203125,3184.60400390625,2449.353515625,3013.732666015625,188999816781
2021-08-09,3012.8857421875,3329.281005859375,2900.926025390625,3310.504150390625,177617150981
2021-08-16,3309.422119140625,3333.994873046875,2959.0283203125,3242.115478515625,144657511395
2021-08-23,3241.357421875,3373.38427734375,3060.228759765625,3227.002685546875,122446358200
2021-08-30,3227.192626953125,4022.46923828125,3151.444580078125,3952.133544921875,166431911904
2021-09-06,3951.520751953125,3968.426513671875,3062.222412109375,3410.134521484375,171456032652
2021-09-13,3407.471923828125,3673.310791015625,3121.51416015625,3329.447998046875,127464621869
2021-09-20,3329.670654296875,3343.325439453125,2676.407470703125,3062.265380859375,165736116791
2021-09-27,3065.837890625,3484.605712890625,2786.98828125,3418.358642578125,126510518147
2021-10-04,3418.7763671875,3667.95751953125,3283.44873046875,3425.852783203125,120426108412
2021-10-11,3419.726806640625,3962.453125,3385.76171875,3847.1044921875,125796571016
2021-10-18,3847.72998046875,4366.08837890625,3686.75048828125,4087.903076171875,131136502497
2021-10-25,4084.42578125,4455.7353515625,3905.7060546875,4288.07421875,140412419359
2021-11-01,4288.21728515625,4664.91015625,4160.966796875,4620.5546875,121471900421
2021-11-08,4619.6494140625,4859.5029296875,4485.09326171875,4626.35888671875,125752889256
2021-11-15,4627.0908203125,4891.70458984375,3959.227783203125,4269.73291015625,137429429244
2021-11-22,4266.50927734375,4550.84228515625,3933.506591796875,4294.45361328125,141179727084
2021-11-29,4296.94677734375,4780.732421875,3525.494140625,4198.32275390625,186741981087
2021-12-06,4199.0,4482.31396484375,3846.054443359375,4134.453125,152799880859
2021-12-13,4136.35986328125,4145.955078125,3664.719970703125,3922.592529296875,152915544014
2021-12-20,3923.69580078125,4149.02685546875,3759.4033203125,4067.328125,104768396134
2021-12-27,4064.746337890625,4126.00146484375,3595.204833984375,3829.56494140625,91186714758
2022-01-03,3829.53564453125,3876.78515625,3020.880859375,3157.75146484375,121333429463
2022-01-10,3157.570556640625,3401.219970703125,2947.68359375,3350.921875,99393420484
2022-01-17,3350.947265625,3355.8193359375,2330.247314453125,2535.0390625,119849284037
2022-01-24,2535.89111328125,2705.7841796875,2172.30126953125,2603.466552734375,117096524892
2022-01-31,2603.263427734375,3061.26123046875,2489.072265625,3057.47607421875,95160222839
2022-02-07,3057.422119140625,3271.316162109375,2845.397705078125,2883.46337890625,101267138646
2022-02-14,2880.187744140625,3185.520751953125,2585.9462890625,2628.6484375,91462217528
2022-02-21,2627.66552734375,2849.424072265625,2308.914794921875,2621.8017578125,122785980806
2022-02-28,2621.172119140625,3029.651611328125,2555.037353515625,2555.037353515625,99193551777
2022-03-07,2555.297607421875,2761.79638671875,2455.59375,2518.944580078125,83530580780
2022-03-14,2518.486328125,2979.987060546875,2505.29931640625,2860.459228515625,94797948955
2022-03-21,2860.103271484375,3291.57763671875,2838.25048828125,3291.57763671875,105454717557
2022-03-28,3292.322509765625,3573.960205078125,3223.891357421875,3522.83349609375,133030130024
2022-04-04,3522.364990234375,3546.706787109375,3155.5810546875,3211.866943359375,115161750801
2022-04-11,3209.576904296875,3214.4619140625,2957.872314453125,2993.4033203125,104523858983
2022-04-18,2993.48388671875,3173.451416015625,2893.912841796875,2922.732666015625,104712950418
2022-04-25,2922.990234375,3026.4150390625,2727.40625,2827.756103515625,124872258105
2022-05-02,2827.614013671875,2956.686767578125,2498.43017578125,2517.4599609375,127664655328
2022-05-09,2518.50830078125,2528.258056640625,1748.3031005859375,2145.706787109375,217861782391
2022-05-16,2145.8369140625,2145.8369140625,1907.0205078125,2043.170166015625,111825123089
2022-05-23,2042.3447265625,2080.33349609375,1721.2647705078125,1812.031005859375,125642960268
2022-05-30,1811.885986328125,2005.490966796875,1746.509765625,1805.2049560546875,108453102400
2022-06-06,1805.635986328125,1915.030517578125,1436.1839599609375,1445.216552734375,133690012415
2022-06-13,1443.83544921875,1448.738037109375,896.1090087890625,1127.656494140625,192980661259
2022-06-20,1127.65625,1272.1312255859375,1049.7633056640625,1199.8316650390625,106600343942
2022-06-27,1199.713134765625,1234.1807861328125,1009.0948486328125,1073.7669677734375,94244778628
2022-07-04,1073.7943115234375,1262.8857421875,1048.3963623046875,1168.401611328125,95592580424
2022-07-11,1168.1390380859375,1378.41748046875,1019.2203369140625,1338.6357421875,111493865591
2022-07-18,1338.8060302734375,1654.4287109375,1338.8060302734375,1599.4766845703125,149288976348
2022-07-25,1599.1572265625,1774.576416015625,1362.95166015625,1681.517333984375,142089787865
2022-08-01,1681.445556640625,1744.326416015625,1567.85107421875,1699.350830078125,108427606862
2022-08-08,1699.6934814453125,2022.79150390625,1665.0904541015625,1936.802001953125,127819380138
2022-08-15,1936.760498046875,2007.2103271484375,1534.298828125,1619.3189697265625,131385531342
2022-08-22,1619.1668701171875,1718.1832275390625,1430.54736328125,1430.54736328125,126136964075
2022-08-29,1430.439453125,1643.1832275390625,1427.7283935546875,1577.6416015625,112937029417
2022-09-05,1577.884033203125,1784.497802734375,1500.013671875,1761.800048828125,119025564693
2022-09-12,1762.0848388671875,1778.1634521484375,1331.4947509765625,1335.3291015625,128923826821
2022-09-19,1335.270751953125,1388.272216796875,1229.4267578125,1294.216796875,115212034191
2022-09-26,1294.3861083984375,1396.8914794921875,1267.8692626953125,1276.093505859375,94753456490
2022-10-03,1276.1634521484375,1380.4049072265625,1271.15087890625,1322.604248046875,63453338237
2022-10-10,1322.61865234375,1339.7447509765625,1209.2781982421875,1306.296630859375,71327918675
2022-10-17,1306.3095703125,1367.7607421875,1260.666748046875,1363.447021484375,64675142971
2022-10-24,1363.4918212890625,1652.3822021484375,1327.85400390625,1590.7833251953125,149502010546
2022-10-31,1590.4813232421875,1661.334716796875,1507.2447509765625,1572.2347412109375,114763482452
2022-11-07,1572.0169677734375,1604.475341796875,1083.28564453125,1221.8192138671875,167376418418
2022-11-14,1221.8955078125,1284.2176513671875,1137.9332275390625,1142.4666748046875,72098917564
2022-11-21,1142.395751953125,1227.0380859375,1081.13818359375,1195.126953125,62114264005
2022-11-28,1194.9603271484375,1302.0386962890625,1156.0625,1280.256591796875,48670061836
2022-12-05,1279.9989013671875,1302.237548828125,1224.447998046875,1263.8685302734375,35539736910
2022-12-12,1263.573486328125,1346.1744384765625,1162.1756591796875,1184.7152099609375,45552930306
2022-12-19,1184.75830078125,1226.998779296875,1160.377197265625,1218.9620361328125,32547939616
2022-12-26,1218.920166015625,1230.4180908203125,1185.7021484375,1200.96484375,25971388844
2023-01-02,1201.103271484375,1287.3594970703125,1195.2149658203125,1287.3594970703125,28602489223
2023-01-09,1287.4508056640625,1563.7391357421875,1286.6807861328125,1552.4794921875,62269098151
2023-01-16,1552.519287109375,1674.1793212890625,1509.4228515625,1628.382080078125,57747601466
2023-01-23,1628.55078125,1653.7249755859375,1530.7978515625,1646.1556396484375,58168481785
2023-01-30,1646.147705078125,1704.4581298828125,1546.6607666015625,1631.6458740234375,55380178545
2023-02-06,1631.645263671875,1688.5272216796875,1501.4620361328125,1515.03369140625,52062302111
2023-02-13,1514.9169921875,1732.8011474609375,1470.02392578125,1681.4361572265625,63586351348
2023-02-20,1682.3370361328125,1716.4893798828125,1567.6317138671875,1640.817138671875,54922618696
2023-02-27,1640.763671875,1672.0511474609375,1551.73681640625,1564.46875,47678471588
2023-03-06,1564.3831787109375,1607.152587890625,1378.525390625,1590.29296875,67750677014
2023-03-13,1590.8311767578125,1843.8441162109375,1572.07470703125,1785.5765380859375,85907403135
2023-03-20,1785.416259765625,1853.8880615234375,1716.6519775390625,1775.6767578125,69752316269
2023-03-27,1775.4813232421875,1844.6773681640625,1690.5166015625,1795.7081298828125,56698859298
2023-04-03,1794.9224853515625,1937.49755859375,1765.5189208984375,1859.3878173828125,58358563195
2023-04-10,1859.7412109375,2137.445068359375,1848.1641845703125,2120.005859375,73047716337
2023-04-17,2120.001220703125,2121.531494140625,1827.7889404296875,1862.06201171875,69509147715
2023-04-24,1862.0853271484375,1962.567626953125,1792.4638671875,1876.92431640625,64508170257
2023-05-01,1868.89111328125,2017.5594482421875,1809.1932373046875,1873.076416015625,57052844703
2023-05-08,1872.47509765625,1886.80029296875,1742.40380859375,1800.5009765625,52730036667
2023-05-15,1800.3712158203125,1845.6954345703125,1774.195068359375,1804.5313720703125,35504669941
2023-05-22,1804.8419189453125,1915.7232666015625,1763.3651123046875,1910.9141845703125,39805987958
2023-05-29,1909.2974853515625,1926.4217529296875,1846.2274169921875,1890.5135498046875,36189717426
2023-06-05,1890.4176025390625,1896.22265625,1721.443115234375,1753.415283203125,50365386091
2023-06-12,1753.075439453125,1766.76318359375,1624.1383056640625,1720.5775146484375,42013230373
2023-06-19,1720.50537109375,1932.5316162109375,1705.8134765625,1900.506103515625,52845056040
2023-06-26,1900.05029296875,1958.1607666015625,1822.102783203125,1937.4383544921875,53494145485
2023-07-03,1937.8837890625,1974.7750244140625,1832.025390625,1863.009765625,43641786133
2023-07-10,1863.240234375,2026.2049560546875,1848.7772216796875,1923.681884765625,48072395366
2023-07-17,1923.6943359375,1936.1776123046875,1855.0927734375,1889.191650390625,39128185690
2023-07-24,1888.8095703125,1889.761962890625,1836.8524169921875,1861.643798828125,30881923780
2023-07-31,1861.7552490234375,1877.511474609375,1817.413818359375,1827.4620361328125,33876254755
2023-08-07,1827.239501953125,1873.84716796875,1804.7166748046875,1839.2801513671875,29979899334
2023-08-14,1839.323486328125,1853.8363037109375,1551.7132568359375,1684.85205078125,46373697011
2023-08-21,1685.0223388671875,1696.593994140625,1596.384033203125,1657.5130615234375,35062582485
2023-08-28,1657.4398193359375,1742.6373291015625,1603.0341796875,1636.11767578125,39977542364
2023-09-04,1635.7247314453125,1657.3037109375,1604.04052734375,1616.828857421875,29219769343
2023-09-11,1616.769775390625,1652.1131591796875,1533.4267578125,1622.896728515625,35226825280
2023-09-18,1623.0819091796875,1669.015380859375,1573.3057861328125,1580.8533935546875,29319393204
2023-09-25,1580.7474365234375,1750.595703125,1565.0255126953125,1733.8104248046875,33870780317
2023-10-02,1732.9840087890625,1743.5635986328125,1609.8499755859375,1633.548583984375,34530422036
2023-10-09,1633.454833984375,1635.4478759765625,1523.237548828125,1558.06982421875,32623896903
2023-10-16,1558.3134765625,1667.6666259765625,1543.5850830078125,1663.429931640625,39476937799
2023-10-23,1674.8492431640625,1865.09521484375,1663.447998046875,1795.5460205078125,66964766348
2023-10-30,1795.589111328125,1911.608642578125,1779.364501953125,1894.15771484375,54980094284
2023-11-06,1894.027099609375,2134.69140625,1852.7908935546875,2045.18701171875,81688660158
2023-11-13,2045.3544921875,2116.0107421875,1910.4454345703125,2013.2044677734375,82350211541
2023-11-20,2011.8533935546875,2132.481201171875,1933.1629638671875,2063.2861328125,73279190559
2023-11-27,2062.390869140625,2213.17578125,1988.120361328125,2193.691650390625,65813866174
2023-12-04,2193.663330078125,2401.760498046875,2191.17626953125,2352.462646484375,89616323733
2023-12-11,2352.49658203125,2354.9140625,2150.75439453125,2196.481201171875,79101655424
2023-12-18,2195.341796875,2341.947509765625,2120.12744140625,2265.692138671875,79838355953
2023-12-25,2265.340576171875,2445.017578125,2180.225341796875,2281.47119140625,74823672274
2024-01-01,2282.870361328125,2431.21240234375,2113.92529296875,2222.865966796875,73516556682
2024-01-08,2222.857666015625,2710.421875,2171.99365234375,2472.2412109375,125618508717
2024-01-15,2471.6669921875,2613.56689453125,2414.7109375,2453.9130859375,64386569187
2024-01-22,2454.9873046875,2463.447265625,2167.282470703125,2257.208740234375,71958589077
2024-01-29,2256.995361328125,2388.87060546875,2237.711669921875,2289.546142578125,56097099150
2024-02-05,2289.20556640625,2537.67919921875,2270.06787109375,2507.570556640625,63856317020
2024-02-12,2507.578857421875,2892.843505859375,2473.81201171875,2878.998046875,134822714728
2024-02-19,2881.296875,3117.428955078125,2860.263671875,3112.697265625,110605610537
2024-02-26,3112.529052734375,3518.96923828125,3037.95458984375,3490.99365234375,142497612149
2024-03-04,3489.340087890625,3998.826416015625,3224.119384765625,3881.193115234375,185721718353
2024-03-11,3881.23779296875,4092.2841796875,3414.17236328125,3642.4130859375,176829887413
2024-03-18,3642.298828125,3642.4970703125,3059.65478515625,3454.636474609375,160121912002
2024-03-25,3454.8857421875,3678.789794921875,3421.79052734375,3647.8564453125,104883881410
2024-04-01,3647.819580078125,3648.129150390625,3205.649169921875,3453.49462890625,102668185352
2024-04-08,3453.498779296875,3727.616455078125,2862.3935546875,3156.94189453125,145805696901
2024-04-15,3156.830078125,3277.5615234375,2868.7958984375,3147.28857421875,113975893651
2024-04-22,3147.66357421875,3351.176513671875,3071.340087890625,3262.774658203125,84929878523
2024-04-29,3262.3408203125,3285.46875,2815.92333984375,3137.2490234375,96396963323
2024-05-06,3137.51025390625,3220.15234375,2881.000732421875,2928.701904296875,72388895379
2024-05-13,2928.81396484375,3146.79052734375,2863.5458984375,3071.843017578125,86103439284
2024-05-20,3071.85888671875,3943.553955078125,3050.2978515625,3825.8974609375,186559347677
2024-05-27,3826.127197265625,3973.556396484375,3702.263671875,3780.89599609375,106351120910
2024-06-03,3780.854248046875,3887.48583984375,3615.2802734375,3705.90380859375,91727708657
2024-06-10,3705.877197265625,3711.4287109375,3366.223876953125,3620.5634765625,99583224999
2024-06-17,3622.383544921875,3634.285400390625,3371.59033203125,3418.61181640625,103027067436
2024-06-24,3418.783203125,3482.95751953125,3244.241455078125,3432.88916015625,87681546035
2024-07-01,3432.607421875,3513.310791015625,2826.014404296875,2929.38720703125,111653332273
2024-07-08,2929.861572265625,3266.487548828125,2826.481689453125,3244.0791015625,99540552164
2024-07-15,3246.131591796875,3546.619140625,3235.776123046875,3536.60546875,112438642513
2024-07-22,3536.627197265625,3560.075439453125,3088.764404296875,3271.464599609375,124677659196
2024-07-29,3271.453369140625,3396.625732421875,2639.566650390625,2686.39892578125,129117580557
2024-08-05,2686.027587890625,2721.95458984375,2122.546142578125,2553.252197265625,182306235812
2024-08-12,2553.49658203125,2775.281005859375,2513.39404296875,2613.357177734375,99366708702
2024-08-19,2612.718505859375,2820.0205078125,2538.65771484375,2749.15771484375,86706271253
2024-08-26,2749.24755859375,2763.004150390625,2401.175048828125,2427.90234375,98590549111
2024-09-02,2427.973388671875,2563.0859375,2150.86328125,2297.29296875,101937840382
2024-09-09,2297.896240234375,2462.802978515625,2274.115478515625,2320.897216796875,88286749990
2024-09-16,2320.89453125,2632.039306640625,2253.715087890625,2582.862548828125,111863297549
2024-09-23,2582.77490234375,2728.067626953125,2541.910400390625,2659.346923828125,106429244040
2024-09-30,2659.292724609375,2662.489013671875,2311.02783203125,2439.957763671875,112999446307
2024-10-07,2439.94482421875,2520.40625,2329.78466796875,2467.677001953125,93813943882
2024-10-14,2467.6474609375,2756.436767578125,2443.552978515625,2746.364013671875,115762446983
2024-10-21,2746.3056640625,2765.549560546875,2381.45068359375,2505.940673828125,112834908417
2024-10-28,2505.590576171875,2720.271484375,2411.3984375,2456.42529296875,128823462221
2024-11-04,2456.09521484375,3249.9140625,2359.578125,3191.331298828125,221176275359
2024-11-11,3191.656982421875,3444.154052734375,3016.14404296875,3075.66162109375,287557599499
2024-11-18,3075.722900390625,3499.370849609375,3032.603271484375,3363.659912109375,250186107924
2024-11-25,3364.6015625,3747.455322265625,3255.54296875,3711.1650390625,253506075065
2024-12-02,3710.495361328125,4093.172119140625,3504.226318359375,4005.70458984375,297864523968
2024-12-09,4006.101806640625,4008.77783203125,3520.365234375,3951.941162109375,283106913820
2024-12-16,3951.65283203125,4106.95556640625,3098.20361328125,3277.53515625,312524917467
2024-12-23,3277.51416015625,3542.833740234375,3217.36865234375,3349.513427734375,149317543303
2024-12-30,3349.5859375,3673.81298828125,3298.804443359375,3634.103759765625,135034238160
2025-01-06,3634.11376953125,3743.941650390625,3159.384033203125,3265.951171875,169286077053
2025-01-13,3266.095458984375,3525.54345703125,2920.5927734375,3208.96435546875,233009787795
2025-01-20,3208.933837890625,3444.28271484375,3147.52294921875,3236.13427734375,193572100053
2025-01-27,3235.855224609375,3437.569091796875,2755.474609375,2868.69287109375,194923437802
2025-02-03,2868.07861328125,2919.477294921875,2159.280517578125,2628.72119140625,266813254145
2025-02-10,2628.650146484375,2794.867431640625,2551.174560546875,2663.31591796875,126100062559
2025-02-17,2663.2294921875,2850.6103515625,2606.900390625,2821.310302734375,146702695516
2025-02-24,2820.456298828125,2839.010009765625,2076.169921875,2519.694580078125,209000852226
2025-03-03,2519.531005859375,2522.316650390625,1991.1934814453125,2015.5091552734375,155086764790
2025-03-10,2015.430419921875,2150.706298828125,1760.9417724609375,1887.43505859375,134651748331
2025-03-17,1887.44921875,2068.764404296875,1872.5089111328125,2005.2991943359375,77238310580
2025-03-24,2005.7183837890625,2101.9833984375,1769.4127197265625,1806.2186279296875,90762524894
2025-03-31,1806.3165283203125,1951.1802978515625,1539.43798828125,1576.72802734375,116401846704
2025-04-07,1576.9498291015625,1687.18798828125,1386.79931640625,1596.685791015625,168913796746
2025-04-14,1596.8818359375,1689.8575439453125,1540.0338134765625,1587.5142822265625,78279990808
2025-04-21,1587.4609375,1856.44384765625,1542.0003662109375,1792.864990234375,117971473942
2025-04-28,1792.4461669921875,1872.9395751953125,1736.1429443359375,1808.59423828125,93283376643
2025-05-05,1808.7049560546875,2603.264404296875,1753.3154296875,2510.23779296875,213442161900
2025-05-12,2510.289306640625,2736.89013671875,2344.668212890625,2498.233642578125,184025744840
2025-05-19,2498.800048828125,2731.220703125,2353.427001953125,2551.763916015625,165828369964
2025-05-26,2551.380859375,2784.75244140625,2472.540771484375,2536.266357421875,139735756614
2025-06-02,2536.184814453125,2677.970458984375,2387.608642578125,2510.787109375,123019944767
2025-06-09,2510.838134765625,2877.62939453125,2443.962646484375,2546.837158203125,179024936721
2025-06-16,2547.226806640625,2680.087646484375,2116.681396484375,2228.213134765625,148261901139
2025-06-23,2228.484619140625,2523.320556640625,2191.418212890625,2500.9599609375,117328509209
2025-06-30,2500.60546875,2635.192138671875,2378.3935546875,2571.236572265625,115253809530
2025-07-07,2571.395263671875,3038.14111328125,2517.903564453125,2973.35888671875,167041918511
2025-07-14,2973.22509765625,3819.398681640625,2934.371337890625,3759.471435546875,299497784544
2025-07-21,3758.920654296875,3876.93359375,3514.999267578125,3875.24658203125,265318773122
2025-07-28,3875.255859375,3940.652099609375,3357.93896484375,3497.379150390625,234394323170
2025-08-04,3497.613037109375,4332.21044921875,3491.554931640625,4254.2177734375,256150674788
2025-08-11,4254.2314453125,4788.5517578125,4168.875,4473.271484375,359069439063
2025-08-18,4473.33056640625,4953.73291015625,4064.965087890625,4779.6474609375,352029162055
2025-08-25,4779.76953125,4796.35009765625,4264.1953125,4390.01904296875,296787236875
2025-09-01,4389.6259765625,4490.3466796875,4221.24755859375,4305.34765625,227294877549
2025-09-08,4305.38134765625,4763.361328125,4277.85302734375,4609.59765625,245538801318
2025-09-15,4609.72314453125,4670.5302734375,4428.330078125,4451.3291015625,218343142128
2025-09-22,4451.58056640625,4457.08251953125,3829.0107421875,4141.4765625,286070262418
2025-09-29,4141.3564453125,4616.533203125,4087.92724609375,4515.4228515625,286791841361
2025-10-06,4515.30078125,4755.22021484375,3460.222412109375,4164.427734375,409659856241
2025-10-13,4164.04931640625,4292.845703125,3678.620361328125,3984.649658203125,331048814445
2025-10-20,3984.6962890625,4177.310546875,3718.0771484375,4157.9892578125,251176585347
2025-10-27,4158.0107421875,4250.669921875,3681.909423828125,3911.063232421875,230963295396
2025-11-03,3911.747802734375,3912.63330078125,3063.0869140625,3582.621337890625,308652128404
2025-11-10,3583.44482421875,3656.14892578125,3007.07275390625,3092.847412109375,258479744078
2025-11-17,3092.941650390625,3218.13037109375,2626.87158203125,2801.676025390625,253999732045
2025-11-24,2801.204345703125,3095.033203125,2763.3779296875,2992.112548828125,139199505337
2025-12-01,2991.923095703125,3238.555419921875,2720.4365234375,3061.3017578125,180004119937
2025-12-08,3061.013671875,3446.622802734375,3034.692626953125,3060.5947265625,166962766664
2025-12-15,3060.4814453125,3175.1181640625,2777.11962890625,3001.61376953125,153490376467
2025-12-22,3001.61279296875,3073.353759765625,2888.988037109375,2948.568115234375,102777469673
2025-12-29,2948.55908203125,3160.551025390625,2908.748046875,3140.71044921875,122089051904
2026-01-05,3141.486328125,3303.5634765625,3052.509765625,3118.88525390625,136829598124
2026-01-12,3118.828857421875,3397.897705078125,3068.07275390625,3281.15771484375,157412363171
2026-01-19,3282.19921875,3282.65478515625,2785.896728515625,2815.90234375,171763340616
2026-01-26,2815.768798828125,3040.718505859375,2224.117919921875,2267.96484375,246689242554
2026-02-02,2267.5625,2393.0634765625,1748.627685546875,2088.762939453125,328037295734
2026-02-09,2087.92138671875,2144.97607421875,1897.3348388671875,1966.04296875,162415889567
2026-02-16,1965.9232177734375,2037.1585693359375,1906.822021484375,1957.805908203125,120449619762
2026-02-23,1958.1396484375,2145.506103515625,1804.1136474609375,1939.066650390625,159713027643
2026-03-02,1939.0587158203125,2198.65673828125,1915.301025390625,1936.604736328125,152614735241
2026-03-09,1936.637451171875,2206.813232421875,1930.59912109375,2177.476318359375,141977358953
2026-03-16,2177.782958984375,2384.466552734375,2027.0478515625,2053.04833984375,158448365564
2026-03-23,2052.953125,2198.369873046875,1939.5286865234375,1982.5596923828125,120159526770
2026-03-30,1982.5506591796875,2165.666259765625,1979.076904296875,2108.99560546875,103974785223
2026-04-06,2108.935791015625,2327.457763671875,2061.467529296875,2192.201171875,125434557579
2026-04-13,2192.33154296875,2464.783447265625,2176.32470703125,2264.9169921875,144452904871
2026-04-20,2264.87353515625,2422.8603515625,2262.052978515625,2369.72900390625,108106959568
2026-04-27,2369.841796875,2403.7265625,2221.223876953125,2321.6357421875,94845336161
2026-05-04,2321.81640625,2423.040283203125,2265.833251953125,2369.0439453125,141210582798
2026-05-11,2369.193359375,2374.303466796875,2097.02099609375,2127.645263671875,104169952337
2026-05-18,2127.681396484375,2155.964111328125,2010.5504150390625,2097.993896484375,98825477591
2026-05-25,2097.993896484375,2138.411376953125,1966.2794189453125,2004.341552734375,90408765821
2026-06-01,2004.2425537109375,2017.6077880859375,1506.5057373046875,1686.396240234375,169383218262
2026-06-08,1686.251220703125,1729.350830078125,1603.8258056640625,1724.61328125,81554953589
2026-06-15,1724.5716552734375,1847.769775390625,1670.1038818359375,1704.58056640625,83875516715
2026-06-22,1704.6304931640625,1776.8321533203125,1510.505859375,1571.5882568359375,75435521059
2026-06-29,1569.6737060546875,1571.0609130859375,1552.3551025390625,1571.1199951171875,6764352512
