Date,rsi_1w,macd_pct_1w,ema_cross_1w,atr_pct_1w,ret_1,ret_5,smc_bias_1w,zone_dist_atr,at_zone,high,low,close,label,label_bars
2018-12-31,0.3965201380444397,-52.16945550328992,-1.0,33.82820301617257,0.1203494169270182,0.3040502395147184,-1,0.2344484453744275,1,160.82489013671875,132.51939392089844,157.74620056152344,0,4
2019-01-07,0.3599524825256079,-68.14289614727133,-1.0,44.97699174847864,-0.2996873307014844,0.2059289492520823,-1,1.0148749838421416,0,158.45042419433594,116.08596801757812,116.8978042602539,0,5
2019-01-14,0.3639377732487792,-64.01143700323162,-1.0,41.69804949103023,0.0218056415817091,0.3373756826703715,-1,0.7355664109827824,0,130.8567352294922,116.96755981445312,119.4748306274414,0,5
2019-01-21,0.3582794028919086,-64.89886833383798,-1.0,41.18936853581675,-0.0521376990834845,-0.1424357704159113,-1,0.6545664225946445,0,119.71543884277344,113.40528869628906,113.40528869628906,0,5
2019-01-28,0.3525293962160662,-66.02887856628368,-1.0,41.0389291138877,-0.0535453857363519,-0.2632153570125934,-1,0.5590712761743515,0,113.688232421875,103.33646392822266,107.49266815185548,0,5
2019-02-04,0.3837198885578166,-53.46797133898345,-1.0,34.07555097201182,0.1493418000576465,-0.2342229738819652,-1,0.8469239078380392,0,124.85362243652344,102.93456268310548,124.80648803710938,0,5
2019-02-11,0.3995391267861046,-46.36566878371924,-1.0,30.353685261276155,0.0680774129668675,0.1335417697863867,-1,0.6713821901212476,0,134.46009826660156,119.60002136230467,133.598876953125,0,5
2019-02-18,0.4037640197765986,-42.18351737764822,-1.0,29.429259881724008,0.01672906941105,0.1284651976157276,-1,0.624611273986371,0,165.54962158203125,133.00193786621094,135.8526611328125,0,5
2019-02-25,0.3989312652285045,-40.30954776732156,-1.0,28.67646066885599,-0.0268812380879372,0.1537216586112748,-1,0.7534840384335628,0,142.52557373046875,131.328857421875,132.24942016601562,0,5
2019-03-04,0.4084732423755862,-35.982619866848815,-1.0,26.5573666695753,0.033528242888142,0.2407952872357688,-1,0.6626248922153599,0,140.85787963867188,125.40270233154295,136.75868225097656,0,5
2019-03-11,0.4156554448367595,-32.26978232595062,-1.0,24.783976704495004,0.0234284170512371,0.1148819042293594,0,0.6001648150305355,0,144.55844116210938,130.94415283203125,140.00054931640625,0,5
2019-03-18,0.4106637450101354,-30.47360793957172,-1.0,23.85430688606751,-0.0217608759829888,0.025043615279503,0,0.729496645590726,0,142.2672119140625,135.8554229736328,136.98692321777344,0,5
2019-03-25,0.4218954086892579,-27.00671326918314,-1.0,22.255618439990076,0.0325138822440385,0.0408284281124915,0,0.6131414631475889,0,149.6132354736328,133.4901580810547,141.51409912109375,0,5
2019-04-01,0.4971633417094167,-18.555904123894567,-1.0,18.29456922911093,0.2097067292584924,0.2774163954589212,1,0.1338762288620087,1,178.32205200195312,140.73756408691406,174.53164672851562,0,5
2019-04-08,0.4834229227820997,-16.671530593628084,-1.0,18.658908065527463,-0.0391037775526674,0.2047843750181117,1,0.0730883147686488,1,184.3778533935547,161.0297393798828,167.83851623535156,1,5
2019-04-15,0.4884457537843146,-14.134532388982842,-1.0,17.82154788536134,0.0130697662218377,0.1944257241887124,1,0.0069453975625762,1,176.705810546875,159.5557403564453,170.04652404785156,1,4
2019-04-22,0.4605926211385393,-13.787471474651248,-1.0,19.014722255904548,-0.0779485739190111,0.1382380262526901,0,0.1180176378087881,1,176.8507843017578,152.08567810058594,157.29507446289062,1,3
2019-04-29,0.4761230773546805,-11.690993386978064,-1.0,17.75455816256374,0.0383879122361445,0.1441120562447961,1,0.0723268914404692,1,170.64593505859375,153.1865234375,163.45069885253906,1,2
2019-05-06,0.5323607452741356,-7.989797165520512,-1.0,16.043052901677033,0.1363353617425406,0.0707406887288444,1,0.5679460990711477,0,203.46664428710932,159.98818969726562,187.3253173828125,1,1
2019-05-13,0.6556831330366325,-2.1625689777407,-1.0,13.14274696954737,0.3327925730338821,0.442637039315394,1,2.6509208345595114,0,275.3944396972656,185.305908203125,261.2922058105469,0,5
2019-05-20,0.6631552417748051,0.8139206739872239,-1.0,12.886047693293,0.0218701089576427,0.451437382051199,1,2.810871273373788,0,269.1665344238281,233.7930908203125,267.06964111328125,0,2
2019-05-27,0.6674012042627234,3.156959539735404,-1.0,12.879305820731055,0.0117474352342803,0.5411333912044904,1,2.6888201002063594,0,287.2016296386719,247.34860229492188,270.2255249023437,0,1
2019-06-03,0.5754703773903467,4.484058453018685,-1.0,15.123676767259637,-0.147846398522212,0.3548990804461338,1,1.7823380640076336,0,270.3341064453125,229.25743103027344,233.08670043945312,1,2
2019-06-10,0.6290168690314643,5.467673671869234,-1.0,13.45320379787473,0.1441303067686421,0.3626940254722353,1,2.6113753693102955,0,278.1431884765625,229.34176635742188,269.22320556640625,1,2
2019-06-17,0.676028681399408,6.814306955580577,-1.0,12.211608408540515,0.1339997049659169,0.1639011574042701,1,1.4891227704780403,0,318.565673828125,263.1444396972656,307.8277893066406,0,3
2019-06-24,0.637424820271319,8.349662867033471,-1.0,14.042772365238894,-0.0572625088265281,0.0847685396200992,1,1.7909316355284708,0,361.398681640625,278.5732421875,290.69598388671875,0,2
2019-07-01,0.6559552658788141,9.085576446312912,-1.0,13.2767600876614,0.0503280735896103,0.1233491779754292,1,1.4315974288346145,0,310.1393127441406,272.6025695800781,305.7005615234375,0,1
2019-07-08,0.5098496406200985,10.532775339862608,-1.0,19.41520901326251,-0.2951127479003181,-0.0239171714026769,1,1.2973039651852387,0,318.2231140136719,227.2692108154297,227.5780639648437,0,5
2019-07-15,0.5068193348227636,9.11274093360915,-1.0,19.483065715740423,-0.0085934253239337,-0.1766409034952527,1,1.2596457596472603,0,235.0256500244141,193.99041748046875,225.6307678222656,0,4
2019-07-22,0.4838473108516947,7.814706588985798,-1.0,20.161150989795978,-0.0661580076956127,-0.3767986161567824,1,0.961292127942566,0,226.86257934570312,202.25289916992188,211.18655395507807,0,5
2019-07-29,0.5031288807425743,6.310955850149467,-1.0,18.32518476233603,0.0529477282959804,-0.2665883790342738,1,1.2844794607483532,0,224.62322998046875,206.8676147460937,222.6697235107422,0,2
2019-08-05,0.4917972682612745,5.29748112511413,-1.0,18.70171805430661,-0.0299813673150906,-0.3468978199389747,1,1.1341838603257868,0,239.11590576171875,203.7931060791016,216.0928649902344,0,3
2019-08-12,0.4555128892049986,3.8833987423193626,-1.0,20.690002156049424,-0.1053093466712491,-0.1570944187099057,1,0.6022886552512349,0,216.1425628662109,178.14256286621094,194.4935302734375,0,5
2019-08-19,0.4430433566526001,2.0366239071707124,-1.0,20.796759268630684,-0.0401334613523687,-0.1886344547383407,1,0.4268296275288251,1,203.5601501464844,182.68917846679688,186.84239196777344,0,5
2019-08-26,0.418511551619391,-0.2259965831391542,-1.0,22.12049450082745,-0.0849277907799646,-0.2074042378226925,1,0.0361493805378821,1,193.4421844482422,167.0714111328125,171.62942504882812,0,5
2019-09-02,0.4398658369626538,-1.5951093315973646,-1.0,20.01531587768057,0.0551217106028678,-0.2052302555158052,1,0.3057539335696935,1,182.97708129882807,168.34133911132812,181.35552978515625,0,5
2019-09-09,0.4584375065127395,-2.1864523397036586,-1.0,18.28284395402542,0.0454542220609583,-0.1297946661397562,1,0.5629039621294334,0,190.3993377685547,176.50091552734375,189.78912353515625,0,5
2019-09-16,0.504114399261193,-1.5842998658587348,-1.0,16.35135143798263,0.1085259567496601,0.084040637281153,1,1.1936324096261164,0,222.87168884277344,189.6893310546875,211.54537963867188,0,1
2019-09-23,0.4303716080697527,-3.496701182777507,-1.0,21.130153679810157,-0.215683835180382,-0.0915097365468602,1,0.0068412799411688,1,211.84051513671875,157.1303253173828,170.50347900390625,0,5
2019-09-30,0.4359051548405003,-4.469821358687663,-1.0,20.074406382203406,0.0148777022799055,0.0082957565130099,1,0.080658930249596,1,185.0455322265625,167.03660583496094,173.05914306640625,0,5
2019-10-07,0.4559831096804635,-4.568169301984913,-1.0,18.650804740626945,0.0507861078820051,0.0039601537921472,1,0.3480175065482493,1,195.3188018798828,171.52781677246094,182.0751495361328,0,5
2019-10-14,0.4436462782755244,-5.241435234346075,-1.0,18.645719550718265,-0.0365846013348019,-0.0780786696036131,1,0.1612414008335192,1,187.75987243652344,171.0050506591797,175.5343780517578,0,5
2019-10-21,0.4644214303089872,-4.935271409272788,-1.0,17.987365731239176,0.0484163841231186,-0.1381882422301545,0,0.4219999554631704,1,195.9425048828125,157.4634246826172,184.24221801757807,0,4
2019-10-28,0.4605563997048471,-4.9608537600081215,-1.0,17.339914501036528,-0.0099120641559267,0.0675835287943007,0,0.3846700458684963,1,191.8467559814453,179.81814575195312,182.42501831054688,0,3
2019-11-04,0.4786885121904347,-4.407088525894003,-1.0,15.944093906699694,0.0379298910726477,0.0906357175870429,0,0.6362131370689285,0,193.54725646972656,181.8216094970703,189.477279663086,0,2
2019-11-11,0.4682149154929538,-4.35122373001227,-1.0,15.576621995498895,-0.0232690053607989,0.0165806043442389,0,0.5154174404195815,0,190.3384246826172,179.3795623779297,185.1192321777344,0,1
2019-11-18,0.3810896303163565,-7.774568392936559,-1.0,20.97540766439575,-0.2593120873829209,-0.20614688170388,0,0.4771544388852615,1,186.9271545410156,142.34410095214844,142.83470153808594,0,5
2019-11-25,0.4046516886154994,-8.401269136356424,-1.0,19.49013113479442,0.0568210525018351,-0.1977422133251636,0,0.2017421914536251,1,156.84840393066406,133.80233764648438,151.18572998046875,0,3
2019-12-02,0.4048824861436949,-9.124055730225871,-1.0,18.47359099308348,0.0005223649132748,-0.187307784255962,0,0.2099053467676307,1,153.1553955078125,145.00088500976562,151.2647247314453,0,2
2019-12-09,0.3881636958309141,-10.590160725532728,-1.0,18.75411658064363,-0.0553830111330215,-0.2806206864616314,0,0.5221818214889904,0,151.9139404296875,139.4269561767578,143.114990234375,0,5
2019-12-16,0.3666706632876305,-12.76825323360452,-1.0,20.092872932388,-0.078028419805606,-0.3353801009064385,0,0.930834386970136,0,143.224853515625,119.78005981445312,132.3725128173828,0,5
2019-12-23,0.3749472862286467,-13.272942123524798,-1.0,18.962944004365163,0.0178604165573537,-0.0582075969661639,0,0.875490123702139,0,136.8112030029297,124.82080841064452,134.7579803466797,1,5
2019-12-30,0.3804983657470974,-13.452651065849548,-1.0,18.08940535648116,0.0112075272458138,-0.1038211222221852,0,0.8459287121248199,0,139.4102020263672,126.49002075195312,136.2767791748047,1,4
2020-01-06,0.4158041686581773,-12.139350769425098,-1.0,16.24588557559293,0.0680548098199302,-0.0362886773155297,0,0.4749831299439776,1,146.8280029296875,135.52040100097656,145.87393188476562,1,4
2020-01-13,0.4852492238164531,-9.183724168587164,-1.0,14.703351817398078,0.1350704805540568,0.1541648143715486,0,0.0578500019373239,1,178.52877807617188,142.90713500976562,166.9698486328125,1,3
2020-01-20,0.4886848435556493,-7.86003978500573,-1.0,14.169138839314908,0.0066095695247323,0.238802803701887,0,0.0915344942398325,1,171.00869750976562,156.74974060058594,168.0771026611328,1,2
2020-01-27,0.5488415734828276,-5.173647394603321,-1.0,12.715652880606376,0.1152985401971857,0.336240927341719,0,0.7655341821979137,0,193.0803985595703,166.90109252929688,188.61753845214844,1,2
2020-02-03,0.6380582315830928,-1.642524353184314,-1.0,11.132526864174936,0.1921586327895124,0.5171920328854176,0,0.2242690690709941,1,229.8642425537109,185.40362548828125,228.5785675048828,1,1
2020-02-10,0.6898238717882821,1.3430165512627028,-1.0,10.989314234977472,0.1283966126979008,0.5775338357633881,0,1.2962950635992028,0,287.1236877441406,218.08004760742188,259.89471435546875,0,2
2020-02-17,0.7096179197601861,3.7378217368401336,-1.0,10.71062731034629,0.0519538380434845,0.4944171932528158,0,1.7353716291346015,0,283.5379333496094,244.3353271484375,273.754150390625,0,1
2020-02-24,0.5580276584470719,5.036219133572219,-1.0,14.484828942140243,-0.223292984866493,0.2645146388615904,0,0.1229948931441761,1,275.5395202636719,212.66452026367188,218.97059631347656,0,2
2020-03-02,0.5182419966773931,5.01620947425002,-1.0,16.432784977877883,-0.087180730250421,0.0620353684139836,0,0.672633076354452,0,249.97848510742188,200.6029815673828,200.6890563964844,0,1
2020-03-09,0.3935051200993588,2.538587626665936,-1.0,30.86089225847864,-0.4717300412713978,-0.6018533056469266,-1,0.1406295474186361,1,207.451400756836,95.1843032836914,125.21430206298828,0,5
2020-03-16,0.3909631748587014,-1.9505113126036584,-1.0,31.74241857763865,-0.0152347435088531,-0.7454846618536806,-1,0.0904606312277912,1,150.8538055419922,105.17144012451172,123.32115173339844,0,5
2020-03-23,0.3959850646047894,-5.233537896390242,-1.0,30.086196542849425,0.0181807858068081,-0.7792577140903569,-1,0.1536039004171158,1,141.9485321044922,121.86788177490234,125.58373260498048,1,5
2020-03-30,0.4357630252906911,-5.8026008848059885,-1.0,25.516542991340707,0.1336873142662789,-0.422277414957585,-1,0.3708536272965864,1,146.89987182617188,125.28968048095705,143.54664611816406,1,4
2020-04-06,0.4724154980505874,-5.093261757289194,-1.0,22.510050199770955,0.1156285621586468,-0.2194681225485171,0,0.0087539848294144,1,175.20413208007812,143.5446014404297,161.14242553710938,0,5
2020-04-13,0.5121253078453523,-3.515749471354312,-1.0,20.030273867275824,0.1196002354748655,0.3718621541977462,0,0.3122206858004306,1,188.0989227294922,150.3594207763672,181.61495971679688,0,5
2020-04-20,0.5406817100688864,-1.840699948594941,-1.0,18.1700365598425,0.0829254458490345,0.4700223435556339,0,0.7127545769654803,0,199.344970703125,170.32127380371094,197.31753540039065,0,5
2020-04-27,0.5644856448862989,-0.1647429509594916,-1.0,16.936991521093933,0.0667269786163444,0.5185685363651702,0,0.334171971214715,1,227.5296936035156,193.45416259765625,210.9331512451172,0,5
2020-05-04,0.5171430964965446,0.2376530677599053,-1.0,18.86275404469078,-0.1119152082372894,0.2729660138616019,0,0.5156014838681742,0,216.3276824951172,182.711166381836,188.5995635986328,0,5
2020-05-11,0.5508539730032995,1.2295041301034877,-1.0,16.926931255512066,0.0938590684117768,0.2511965201147319,0,0.4481027923739494,1,209.1609344482422,180.7183380126953,207.15869140625,0,5
2020-05-18,0.5403716688708774,1.868055741373495,-1.0,16.88611840913939,-0.0233857095450611,0.1082105750948052,0,0.5999369380598383,0,215.9084625244141,193.346435546875,202.370346069336,0,5
2020-05-25,0.5905038663633021,3.0243575470384148,-1.0,15.091983696972708,0.1322131296884263,0.1574982589341971,1,0.2324811926875265,1,244.04525756835932,200.2642822265625,230.9757080078125,0,5
2020-06-01,0.6130529237715296,4.302843392940147,-1.0,13.835993744636832,0.0596280923243819,0.1503993726422345,1,0.6572727437407968,0,252.2220001220703,230.4880523681641,245.1672515869141,0,5
2020-06-08,0.5859893052651135,5.270612469367096,1.0,14.071871377766255,-0.0461294696181076,0.2161851112614163,1,0.3412731433978219,1,249.8883056640625,229.6450653076172,234.1147003173828,0,5
2020-06-15,0.573350279646669,5.761107642647504,1.0,13.831827953155193,-0.0221336087142791,0.1001924341353603,1,0.1931626673312948,1,236.3943023681641,221.24176025390625,228.9898223876953,1,5
2020-06-22,0.5640380972781878,5.955161941981575,1.0,13.971793452400208,-0.0160353770435346,0.1075427666368868,1,0.078623976923802,1,248.50802612304688,219.47267150878903,225.34716796875,1,4
2020-06-29,0.5688359515998472,5.98684014912174,1.0,13.171213476522462,0.010231296341038,-0.0144390667105014,1,0.1598371687485715,1,232.7561187744141,222.25498962402344,227.6645965576172,1,3
2020-07-06,0.5985390461743352,6.10960434972883,1.0,12.127397000237991,0.0616083091119801,-0.0124588499229032,0,0.3436251166773467,1,248.30886840820312,227.029525756836,242.13169860839844,1,2
2020-07-13,0.5875587650216937,6.392567372557924,1.0,11.813283314578763,-0.0151648124229852,0.018505807272219,0,0.4875015541417569,1,244.31051635742188,231.6211700439453,238.48751831054688,1,1
2020-07-20,0.7023719530717739,6.815023351814999,1.0,10.329510031015392,0.2611050346191739,0.3017444506056721,1,0.7040850864723964,0,316.3863220214844,234.85264587402344,309.64361572265625,1,1
2020-07-27,0.763245699768909,8.179423561362812,1.0,10.007076633981962,0.179894816200008,0.4976746438492148,1,0.1851199707038871,1,411.2283020019531,307.7213439941406,370.6717224121094,0,5
2020-08-03,0.7795180525735378,9.926726839481686,1.0,9.507167678249171,0.0536987505270056,0.5411420980351824,1,0.734593093776692,0,406.303955078125,367.9355163574219,391.1204528808594,0,4
2020-08-10,0.8090136253804,11.1693914768146,1.0,9.221985479306358,0.1035371805543015,0.5830709694775038,1,1.749377178301501,0,444.5777587890625,367.9236145019531,433.78662109375,0,1
2020-08-17,0.7076890094893165,13.301063976227464,1.0,10.584567134959558,-0.1028623270647886,0.4953734548357005,1,0.6657476580343316,0,442.7349853515625,382.8146362304688,391.3844909667969,0,2
2020-08-24,0.7384781548762098,13.362291586827157,1.0,9.88490595284142,0.0903569215448056,0.3246253417613323,1,1.5252903344208746,0,428.6639709472656,374.3553771972656,428.3957214355469,0,1
2020-08-31,0.6004066540075352,15.470816753985623,1.0,14.573109877509404,-0.1925535480999336,-0.0478230225386093,1,0.1560592545306282,1,487.2118835449219,316.7743530273437,353.3622741699219,0,5
2020-09-07,0.6130817263153999,14.498197495763618,1.0,14.305483255367598,0.0339639962436253,-0.0675577768219897,1,0.0337501123824208,1,388.9598083496094,326.2543640136719,365.5700073242188,0,5
2020-09-14,0.6189281806877837,13.88708127729772,1.0,13.803850872076705,0.0148866410611798,-0.1562083163151113,1,0.1415051320054019,1,393.901611328125,356.6827392578125,371.0528259277344,0,1
2020-09-21,0.594890791620228,13.62510106152077,1.0,14.448967833364218,-0.0373811012452618,-0.0907270904955845,1,0.0766789518737872,1,375.7370300292969,318.54510498046875,357.4385070800781,0,5
2020-09-28,0.586140374341967,12.917325801420738,1.0,14.266255527645194,-0.0136886001633849,-0.1947726122037751,1,0.1753420030460667,1,369.264404296875,336.4671630859375,352.5790100097656,1,5
2020-10-05,0.6144943167815154,11.82239529366582,1.0,13.282954385536724,0.0620300400962152,0.0598109759923737,1,0.227515118198495,1,378.2671508789063,334.5455627441406,375.1420593261719,1,5
2020-10-12,0.618327908405973,11.410400662951847,1.0,12.848256166605578,0.0081545585968516,0.0340015383456,1,0.2965125742278091,1,395.1221618652344,362.597412109375,378.2136840820313,1,5
2020-10-19,0.6522783034092362,10.822156152854731,1.0,12.031913702571623,0.0714300658732938,0.0905449631577139,1,0.8677669748085595,0,420.14166259765625,367.60107421875,406.2177734375,1,4
2020-10-26,0.6309967382740607,10.925814563054578,1.0,12.102554321728814,-0.0245710940326899,0.1033549703702858,1,0.6786232115080107,0,411.2798767089844,375.0924072265625,396.3581848144531,1,3
2020-11-02,0.6934754365074073,10.331818494483487,1.0,11.306962643100112,0.1347977444558337,0.2518413149895044,1,0.6562979479270376,0,465.6754760742188,371.312744140625,453.5547790527344,1,2
2020-11-09,0.6804688242831586,10.866381403516566,1.0,11.27921120606912,-0.0133074981118648,0.1765037767814243,1,0.7854974376807731,0,475.2172546386719,435.1638793945313,447.55908203125,1,1
2020-11-16,0.7671539770033113,10.44386903757696,1.0,10.113020798293906,0.2206724693582344,0.3890216875428072,1,1.255480411824752,0,579.3724975585938,445.5016174316406,558.068115234375,0,1
2020-11-23,0.777557090725895,11.565923737711998,1.0,10.78533590515617,0.0312065066558391,0.3487981283253525,1,1.4259230736648028,0,621.1734008789062,485.497314453125,575.758056640625,1,4
2020-11-30,0.7923283438393602,12.365317696383954,1.0,10.4349030144966,0.0444187335136536,0.4177879558716961,1,1.8261364918445693,0,635.1605834960938,563.1066284179688,601.9089965820312,0,1
2020-12-07,0.7666549745004132,13.35379159056613,1.0,10.737746358140496,-0.0205547253863187,0.2624354860295437,1,1.6180815477329886,0,602.9179077148438,532.9984130859375,589.6632080078125,1,3
2020-12-14,0.7950536936665884,13.33317436831219,1.0,10.29345859296768,0.0792424897936685,0.354985473935077,1,2.2994502941357338,0,673.834228515625,577.118408203125,638.2908325195312,0,1
2020-12-21,0.8169369008555999,13.57329965298092,1.0,10.517512821241311,0.0671770234577859,0.2014900280346285,1,2.122855877902744,0,711.3935546875,560.3642578125,682.642333984375,1,1
2020-12-28,0.8959456798690756,12.391596106874536,1.0,9.20607521156194,0.3569869903309577,0.5272705117097471,1,1.5639347915660151,0,1006.5650024414062,683.205810546875,975.5076904296876,1,1
2021-01-04,0.9284884336193092,13.031518178846078,1.0,9.071683820076816,0.2576904669965136,0.7405422451926071,1,3.730685331466002,0,1347.9261474609375,912.3053588867188,1262.2467041015625,0,1
2021-01-11,0.8947778181204653,15.788299539816244,1.0,10.763431038795146,-0.0257390385384219,0.7353579320405039,1,2.9840570332818697,0,1290.0535888671875,924.922607421875,1230.1722412109375,0,1
2021-01-18,0.9120801904013948,16.39709121360401,1.0,10.814904362828914,0.1233067080372487,0.7794221502840841,1,3.697992328777036,0,1432.300048828125,1046.5965576171875,1391.609375,0,1
2021-01-25,0.8413632831204606,18.713326833211717,1.0,11.9989826388446,-0.0566347252401691,0.655610401586129,1,3.041666197095015,0,1467.784912109375,1215.311279296875,1314.9862060546875,1,1
2021-02-01,0.8803725365633932,17.41787417958354,1.0,11.20994991264212,0.2050305136252497,0.503653924880421,1,4.305902240014939,0,1756.510986328125,1274.3577880859375,1614.227783203125,1,2
2021-02-08,0.8976582076788293,17.76506923984808,1.0,10.495859159093811,0.1117504975601546,0.357713955444062,1,5.119981957946576,0,1871.603515625,1571.5799560546875,1805.0841064453125,0,2
2021-02-15,0.9075013927541876,18.51553978771872,1.0,10.389345614708803,0.0698107238487324,0.4532637178312164,1,7.20246616366034,0,2036.2864990234373,1683.9066162109375,1935.60107421875,0,1
2021-02-22,0.6425628781934027,24.18023173449048,1.0,16.394879550135126,-0.3125473468956006,0.017409662898367,1,4.000857115955023,0,1936.4537353515625,1300.47216796875,1416.0489501953125,1,2
2021-03-01,0.6985790555906152,20.339329105725856,1.0,13.815817519927029,0.1962856574418472,0.2703300455803834,1,5.191554669960565,0,1730.9241943359375,1416.4161376953125,1723.15380859375,0,5
2021-03-08,0.7188807609832406,19.5891049382009,1.0,12.947148248936788,0.0734935850470392,0.138793117002173,1,5.694616062700897,0,1937.6455078125,1670.9420166015625,1854.5643310546875,0,2
2021-03-15,0.6934842855012395,20.34986517769636,1.0,13.201306217678312,-0.036430749532804,-0.0093881300907856,1,5.5111455875913125,0,1889.1966552734373,1705.716064453125,1788.217041015625,1,4
2021-03-22,0.6569930805853873,20.841365129565222,1.0,14.022907229263676,-0.0556885083073108,-0.1348873622468289,1,1.454315298193829,0,1811.96826171875,1560.3704833984375,1691.35595703125,1,2
2021-03-29,0.7222729423707481,17.753578977146553,1.0,12.12146458510554,0.2131265661423578,0.3907865507911294,1,0.2240144433188713,1,2152.451904296875,1683.716552734375,2093.122802734375,1,3
2021-04-05,0.7311246629258575,17.958545303324527,1.0,11.751758764483547,0.0303657877779386,0.2248666811272208,1,0.478660743177054,1,2196.996337890625,1945.442138671875,2157.656982421875,1,3
2021-04-12,0.7420298133588901,17.962673111177228,1.0,12.23535530308914,0.0361740041905909,0.1875471002707724,1,0.7337762995552389,0,2547.5556640625,2011.766845703125,2237.136962890625,1,2
2021-04-19,0.7527533837357328,17.910644176237184,1.0,12.765933365188385,0.0346703738050546,0.2586482236086311,1,0.9462450307123998,0,2641.094970703125,2060.143798828125,2316.0595703125,1,1
2021-04-26,0.8183013952120581,15.954695746558896,1.0,10.937274384019627,0.2426346477682699,0.556971379684212,1,2.836302359620228,0,2984.891845703125,2308.315185546875,2952.05615234375,1,1
2021-05-03,0.8736879561232166,14.9548477565126,1.0,9.503796141738697,0.2858434916049432,0.6296883051467974,1,5.06859128912751,0,3981.259033203125,2951.17578125,3928.8447265625,0,1
2021-05-10,0.7837765820016735,17.97768514424131,1.0,11.67834955244631,-0.0908881375462318,0.508434379822627,1,3.702534942815008,0,4362.3505859375,3350.95166015625,3587.506103515625,0,1
2021-05-17,0.5296305498217367,26.76709439321932,1.0,24.706329452239835,-0.5309684855669783,-0.0587081099349422,1,0.1406242727991998,1,3587.765625,1737.46875,2109.579833984375,0,5
2021-05-24,0.5588890968096973,21.659864940589035,1.0,22.70090243310065,0.1249323516954561,0.0315538679554592,1,0.652424040607778,0,2911.735595703125,2090.6396484375,2390.305419921875,0,4
2021-05-31,0.5906172628639854,18.45138784950869,1.0,20.167217927770224,0.1274049749561392,-0.0836758048566714,1,1.239695951269128,0,2891.2548828125,2279.505126953125,2715.0927734375,0,2
2021-06-07,0.5628691693060062,18.563271768992696,1.0,21.919822454134184,-0.0791843719414808,-0.4487036684030956,1,0.8586305254752487,0,2845.18505859375,2265.758056640625,2508.3916015625,0,2
2021-06-14,0.5289438062660612,18.32954166081652,1.0,24.602041611664564,-0.1103286190245569,-0.4681441498814207,1,0.3801274251644333,1,2639.229248046875,2049.962646484375,2246.364501953125,0,5
2021-06-21,0.4960754430761238,17.358019852827113,1.0,27.92443966553437,-0.1267746996064982,-0.0639503639209406,0,0.1038587399675854,1,2259.464111328125,1707.6005859375,1978.8946533203125,0,5
2021-06-28,0.5358845608273904,13.501058850858984,1.0,23.395204707914196,0.1597716323938849,-0.0291110832225118,1,0.5255012478574156,0,2384.286865234375,1963.615478515625,2321.72412109375,0,3
2021-07-05,0.512720373157627,12.704169234359057,1.0,24.750019075694365,-0.0816608864408641,-0.2381769446195152,1,0.1952127097203614,1,2403.7734375,2051.066650390625,2139.664794921875,1,5
2021-07-12,0.4825977233112706,11.428800665618684,1.0,27.12551800119034,-0.1211390244562808,-0.2801315971343152,0,0.2737073230639902,1,2167.710205078125,1853.59033203125,1895.5521240234373,1,3
2021-07-19,0.5194430006395924,8.877083840942959,1.0,23.337992113072808,0.1450184892212949,-0.0247844888884634,1,0.3032468025664178,1,2197.6494140625,1722.05078125,2191.373779296875,1,3
2021-07-26,0.5615532498827202,7.984276227238429,1.0,20.04462959058515,0.1562018106159817,0.2581920213340165,1,1.02346927890527,0,2695.429443359375,2154.731201171875,2561.85205078125,1,5
2021-08-02,0.6068107156141772,8.166235627811485,1.0,17.56466651316176,0.162448944604777,0.2608693335449086,1,1.846495330906117,0,3184.60400390625,2449.353515625,3013.732666015625,0,5
2021-08-09,0.6335627108540325,9.04821908109123,1.0,15.772160046974887,0.0939210902234819,0.4364513102092546,1,2.014498867035609,0,3329.281005859375,2900.926025390625,3310.504150390625,0,5
2021-08-16,0.6230426329876716,10.256765020115257,1.0,15.780615132084346,-0.0208744468781176,0.5367158877874179,1,2.189559600590527,0,3333.994873046875,2959.0283203125,3242.115478515625,0,5
2021-08-23,0.6205902992371081,10.95107212875999,1.0,15.415212442448212,-0.0046722969278363,0.3870251016382866,1,2.282338835100864,0,3373.38427734375,3060.228759765625,3227.002685546875,0,4
2021-08-30,0.6847145222141201,10.716968324900105,1.0,13.26203343858386,0.202701825764846,0.433525116787151,1,0.7826578901256972,0,4022.46923828125,3151.444580078125,3952.133544921875,0,1
2021-09-06,0.6027181307059142,12.622741095629994,1.0,16.17015523323845,-0.1475038314129548,0.1235723407694191,1,1.726830869508707,0,3968.426513671875,3062.222412109375,3410.134521484375,0,2
2021-09-13,0.5913646828843863,12.750439246818942,1.0,16.56282540917523,-0.0239452157336792,0.0057060348122579,1,1.8730643821386597,0,3673.310791015625,3121.51416015625,3329.447998046875,0,1
2021-09-20,0.5541404910719528,12.857121501672058,1.0,18.27726386765484,-0.0836515612948112,-0.0570710796044355,1,1.8330926462785453,0,3343.325439453125,2676.407470703125,3062.265380859375,1,4
2021-09-27,0.5910844754110329,11.511593421709012,1.0,16.661496009392522,0.1100055441964809,0.0576067615198816,1,1.657435623071536,0,3484.605712890625,2786.98828125,3418.358642578125,1,5
2021-10-04,0.5918509667223639,11.36812266410189,1.0,16.239240764286095,0.0021899217174308,-0.1429051425275336,0,1.0724098892465987,0,3667.95751953125,3283.44873046875,3425.852783203125,1,4
2021-10-11,0.6334438191435474,10.798928866776716,1.0,14.498870299049788,0.1159703568759855,0.1205690457614068,0,0.3143939234331415,1,3962.453125,3385.76171875,3847.1044921875,0,5
2021-10-18,0.6550816241005691,11.015034106327365,1.0,13.857200344766948,0.0607113578746396,0.2052256193697257,0,0.1155117883379623,1,4366.08837890625,3686.75048828125,4087.903076171875,0,5
2021-10-25,0.6723940019475214,11.390081543732132,1.0,13.182949538471672,0.0478055888268276,0.3366827694913645,0,0.1313940717766503,1,4455.7353515625,3905.7060546875,4288.07421875,0,5
2021-11-01,0.6993839419231801,11.670605748506594,1.0,12.139504076378948,0.0746770280203357,0.3013542533152193,1,0.4603287255190378,1,4664.91015625,4160.966796875,4620.5546875,0,2
2021-11-08,0.6998488327388473,12.393975284591503,1.0,11.83632339323799,0.0012553810381028,0.3004197126358914,1,0.4821269845738591,1,4859.5029296875,4485.09326171875,4626.35888671875,0,1
2021-11-15,0.6348826164680067,13.236352113190634,1.0,13.46882039091538,-0.0802188661848095,0.1042304895750962,0,0.1610510674935854,1,4891.70458984375,3959.227783203125,4269.73291015625,0,2
2021-11-22,0.6373953660502355,12.905904829436402,1.0,13.461566544575776,0.0057730577715329,0.0492921894719895,0,0.1174483425287397,1,4550.84228515625,3933.506591796875,4294.45361328125,0,1
2021-11-29,0.6195398408992335,12.664553460416956,1.0,14.921856548037862,-0.0226392315189052,-0.0211526308737433,0,0.2618296719136836,1,4780.732421875,3525.494140625,4198.32275390625,0,5
2021-12-06,0.6073659221597061,12.163291873005065,1.0,15.169288312352036,-0.0153300366319975,-0.1111596955260765,0,0.1785550997482065,1,4482.31396484375,3846.054443359375,4134.453125,0,4
2021-12-13,0.5675286640481876,11.667785533332212,1.0,15.722851539142429,-0.0526022698750612,-0.1650173464392406,0,0.1619420799735177,1,4145.955078125,3664.719970703125,3922.592529296875,0,3
2021-12-20,0.5874371828495232,10.537435525946446,1.0,14.764497329251297,0.0362335088178937,-0.0485649714365372,1,0.0747000024235687,1,4149.02685546875,3759.4033203125,4067.328125,0,2
2021-12-27,0.5431992597968186,9.97375803182098,1.0,15.551120855510852,-0.0602350991146174,-0.1145731283226876,0,0.323914781005499,1,4126.00146484375,3595.204833984375,3829.56494140625,0,1
2022-01-03,0.4419303921855824,9.103475362717194,1.0,19.448576287402,-0.1928909918580412,-0.2848248886618236,0,0.7837720955700546,0,3876.78515625,3020.880859375,3157.75146484375,0,2
2022-01-10,0.4723888110639077,6.731609003826828,1.0,17.985085950287097,0.0593752819869717,-0.2101195700428544,0,1.1142940923121123,0,3401.219970703125,2947.68359375,3350.921875,0,1
2022-01-17,0.3784405901900187,4.316426539785204,1.0,24.96504881760507,-0.279026448352619,-0.4365437485204122,0,0.2233753739176341,1,3355.8193359375,2330.247314453125,2535.0390625,0,5
2022-01-24,0.3894085831545792,0.869443848481873,1.0,24.036198732348858,0.0266348003048086,-0.4461424570334973,0,0.1165610459688605,1,2705.7841796875,2172.30126953125,2603.466552734375,0,5
2022-01-31,0.4577750376480873,-0.3074704054861035,1.0,20.341839110267028,0.1607459167731608,-0.225161441145719,0,0.6127028298771307,0,3061.26123046875,2489.072265625,3057.47607421875,0,3
2022-02-07,0.4375530547274526,-1.6741981133595014,1.0,21.08384102399911,-0.0585976295031827,-0.0908680787908604,0,0.3405833824928279,1,3271.316162109375,2845.397705078125,2883.46337890625,0,5
2022-02-14,0.4090570389980403,-3.747505590404448,1.0,23.104913628696508,-0.0925223217639477,-0.2427656825417798,0,0.0786355033439964,1,3185.520751953125,2585.9462890625,2628.6484375,0,5
2022-02-21,0.4082876261328808,-5.236449506423315,1.0,22.98315766010324,-0.002608036763954,0.0336527290468851,0,0.0906209341560694,1,2849.424072265625,2308.914794921875,2621.8017578125,0,5
2022-02-28,0.4003790808988505,-6.709661344864067,1.0,23.225998343779366,-0.0257949319214452,-0.0187770031793688,-1,0.2045220451281343,1,3029.651611328125,2555.037353515625,2555.037353515625,0,5
2022-03-07,0.3959143876086516,-7.904567885314349,1.0,22.74430680920415,-0.0142268469545809,-0.1937497669071106,-1,0.274844405981655,1,2761.79638671875,2455.59375,2518.944580078125,0,5
2022-03-14,0.4575528055370403,-6.687170645465648,1.0,19.78354172886762,0.1271421849874299,-0.008009952416498,0,0.3252371631332907,1,2979.987060546875,2505.29931640625,2860.459228515625,0,5
2022-03-21,0.5236323667810082,-4.513936968836338,1.0,16.94808017145684,0.1403847933275814,0.2248971626750311,0,1.1027337140182325,0,3291.57763671875,2838.25048828125,3291.57763671875,0,5
2022-03-28,0.554950701797817,-2.696158463476112,1.0,15.414212682945609,0.0678986615956969,0.2954038610346821,0,0.9201106013856226,0,3573.960205078125,3223.891357421875,3522.83349609375,0,2
2022-04-04,0.5067091992534167,-2.3883939829828544,1.0,16.568795572367037,-0.0924132659067087,0.2287855270494185,0,1.0061856534193083,0,3546.706787109375,3155.5810546875,3211.866943359375,0,4
2022-04-11,0.4754403030348977,-2.637522864215449,1.0,17.12043000316392,-0.0704413960461085,0.172570977957891,0,0.6185483769437019,0,3214.4619140625,2957.872314453125,2993.4033203125,0,4
2022-04-18,0.465434386138212,-2.9234362803204257,1.0,16.9651025980384,-0.0238919511467772,0.0215368418236838,0,0.4967790262713294,1,3173.451416015625,2893.912841796875,2922.732666015625,0,3
2022-04-25,0.4516765399535171,-3.4350105968978384,1.0,17.037710373970295,-0.0330355223142184,-0.151883473818116,0,0.3141415066836674,1,3026.4150390625,2727.40625,2827.756103515625,0,2
2022-05-02,0.4091270115787791,-5.161479883034225,1.0,19.070980645689588,-0.1162330596732257,-0.3360151950870387,-1,0.3310687055545354,1,2956.686767578125,2498.43017578125,2517.4599609375,0,1
2022-05-09,0.3647893887008999,-8.56661512585887,1.0,23.37328701170051,-0.1597814386039742,-0.4033833677843041,-1,0.0530275272267976,1,2528.258056640625,1748.3031005859375,2145.706787109375,0,4
2022-05-16,0.3534129657369375,-11.360286744727317,1.0,23.627865845142125,-0.0489663979933405,-0.3819083697315362,-1,0.0142590574134706,1,2145.8369140625,1907.0205078125,2043.170166015625,0,3
2022-05-23,0.3285398175341323,-15.769139924298372,-1.0,26.154220949212387,-0.1200542857160451,-0.4780707043008041,-1,0.2203533266348049,1,2080.33349609375,1721.2647705078125,1812.031005859375,0,3
2022-05-30,0.3278060713139291,-18.006213991408238,-1.0,25.4026355759622,-0.0037741844764047,-0.4488093664629904,-1,0.2128452526566235,1,2005.490966796875,1746.509765625,1805.2049560546875,0,2
2022-06-06,0.2909069741715434,-26.353019144328645,-1.0,31.830384659790106,-0.2224149605794236,-0.5549912673691884,-1,0.5703777680512034,0,1915.030517578125,1436.1839599609375,1445.216552734375,0,1
2022-06-13,0.2628039719418501,-39.51340314938112,-1.0,41.38078081778774,-0.2481175935927941,-0.6433274223580083,-1,1.2428268349448546,0,1448.738037109375,896.1090087890625,1127.656494140625,0,5
2022-06-20,0.2798325622360822,-40.45938541009463,-1.0,37.4373810212166,0.0620396875926143,-0.5323213367720534,-1,1.1304213115864628,0,1272.1312255859375,1049.7633056640625,1199.8316650390625,0,5
2022-06-27,0.2681802310895964,-48.53988704043085,-1.0,40.34194101042634,-0.1110082712782141,-0.5232753223342224,-1,1.354072674203785,0,1234.1807861328125,1009.0948486328124,1073.7669677734375,0,5
2022-07-04,0.292013355673274,-45.851879224309975,-1.0,35.73752259177462,0.0844636740783695,-0.4350374637794481,-1,1.2913158076954392,0,1262.8857421875,1048.3963623046875,1168.401611328125,1,5
2022-07-11,0.3340292099100603,-39.40070454430501,-1.0,30.881378644931228,0.1360143218789762,-0.0766081813210481,-1,0.8925363036661134,0,1378.41748046875,1019.2203369140624,1338.6357421875,0,5
2022-07-18,0.3934288345097117,-30.89191079671789,-1.0,25.40943664581649,0.1780255111034874,0.3495349233752334,-1,0.2660411138819266,1,1654.4287109375,1338.8060302734375,1599.4766845703125,0,5
2022-07-25,0.4112166275651986,-27.108000104322027,-1.0,24.1918365444439,0.0500200571863285,0.3375152929689475,-1,0.0641197098460122,1,1774.576416015625,1362.95166015625,1681.517333984375,0,5
2022-08-01,0.4152309914745352,-24.66910015294228,-1.0,22.96988216585844,0.0105497526846178,0.4590733169317795,-1,0.0211348554123358,1,1744.326416015625,1567.85107421875,1699.350830078125,0,5
2022-08-08,0.4673095137674867,-18.93901653222002,-1.0,20.03341637629628,0.1307918468073827,0.5054014896607928,-1,0.2563983144943855,1,2022.79150390625,1665.0904541015625,1936.802001953125,0,1
2022-08-15,0.414195343369963,-21.42262472638918,-1.0,24.33567322713664,-0.1790324884823881,0.1903546792994284,-1,0.2240239790185212,1,2007.2103271484373,1534.298828125,1619.3189697265625,0,5
2022-08-22,0.3860956534315317,-23.935352451146944,-1.0,27.01550395446218,-0.123948529239529,-0.111619361043588,-1,0.7168823559575883,0,1718.1832275390625,1430.54736328125,1430.54736328125,0,5
2022-08-29,0.4191626337295621,-20.48941113721404,-1.0,23.72238664103436,0.0978739321184996,-0.0637654861114169,-1,0.3472478606791558,1,1643.1832275390625,1427.7283935546875,1577.6416015625,0,5
2022-09-05,0.4584888276093731,-16.452826721602534,-1.0,20.878764879487957,0.1104049667311324,0.0360897279350975,-1,0.1473443751746161,1,1784.497802734375,1500.013671875,1761.800048828125,0,1
2022-09-12,0.3922551966410511,-22.049085390528223,-1.0,27.968578056330912,-0.2771582619124837,-0.3718603807847689,-1,0.9967840269236304,0,1778.1634521484375,1331.4947509765625,1335.3291015625,0,5
2022-09-19,0.3864593000869381,-23.01981697228675,-1.0,27.67249316963313,-0.0312720573616749,-0.2240999496640556,-1,1.1115918469899009,0,1388.272216796875,1229.4267578125,1294.216796875,0,5
2022-09-26,0.3837673323708205,-23.408776447419672,-1.0,26.783017893100308,-0.0141022594425344,-0.114253679867061,-1,1.1117928283772007,0,1396.8914794921875,1267.8692626953125,1276.093505859375,0,5
2022-10-03,0.3954067241292055,-22.094559012599117,-1.0,24.58540527758009,0.0357992454523721,-0.1763283665331885,-1,1.183993487061304,0,1380.4049072265625,1271.15087890625,1322.604248046875,0,5
2022-10-10,0.3926066780863627,-21.82552966456329,-1.0,23.82769644680932,-0.0124065737847782,-0.2991399070490992,-1,1.2892869133666516,0,1339.7447509765625,1209.2781982421875,1306.296630859375,0,5
2022-10-17,0.4084173359048247,-19.929029266040228,-1.0,21.75934061317438,0.0428199333923347,0.0208382882557192,-1,1.1600274707116691,0,1367.7607421875,1260.666748046875,1363.447021484375,0,5
2022-10-24,0.4677667215050889,-15.087143719373358,-1.0,18.774803723250947,0.1542104845201901,0.2063208301375843,-1,0.3911295089496626,1,1652.3822021484375,1327.85400390625,1590.7833251953125,0,2
2022-10-31,0.4636793399216439,-13.604715491568651,-1.0,18.33947233827328,-0.0117285429429019,0.2086945466372167,-1,0.4694667872119318,1,1661.334716796875,1507.2447509765625,1572.2347412109375,0,1
2022-11-07,0.3936906002851087,-17.92087285353849,-1.0,24.96046100618745,-0.2521571023497468,-0.0792618011649022,-1,1.0680013786870552,0,1604.475341796875,1083.28564453125,1221.8192138671875,0,5
2022-11-14,0.3797131413865465,-19.84845068917796,-1.0,25.702010297120893,-0.0671512322795386,-0.1340064596596626,-1,0.8389874160995955,0,1284.2176513671875,1137.9332275390625,1142.4666748046875,0,5
2022-11-21,0.3950625158023149,-18.91757491369504,-1.0,23.686542990110613,0.0450627419657143,-0.1317636510862829,-1,1.0562860147136743,0,1227.0380859375,1081.13818359375,1195.126953125,0,5
2022-11-28,0.4200471563224773,-16.886798886069137,-1.0,21.346566633611012,0.0688081035175258,-0.2171660320889472,-1,1.4056365813630232,0,1302.0386962890625,1156.0625,1280.256591796875,0,5
2022-12-05,0.4164810903280815,-16.40088858467379,-1.0,20.51846718262642,-0.0128832407274046,-0.2183207298734499,-1,1.4181334839904156,0,1302.237548828125,1224.447998046875,1263.8685302734375,0,5
2022-12-12,0.3988675651635521,-17.24109920105855,-1.0,21.43518540157472,-0.0646748628990101,-0.0308384904227132,-1,1.1364869415067589,0,1346.1744384765625,1162.1756591796875,1184.7152099609375,0,5
2022-12-19,0.4104842520333397,-16.147024088172007,-1.0,19.7352818262215,0.0284972900062943,0.0648100318631197,-1,1.3420582015436178,0,1226.998779296875,1160.377197265625,1218.9620361328125,0,5
2022-12-26,0.4060435275731675,-15.836939443789872,-1.0,18.86619192834644,-0.0148744363746899,0.0048728535227153,0,0.5288577976334571,0,1230.4180908203125,1185.7021484375,1200.96484375,1,3
2023-01-02,0.4375025123977363,-13.666909565655525,-1.0,16.854193517499443,0.069467948923596,0.0055326989287856,0,0.9504422446587968,0,1287.3594970703125,1195.2149658203125,1287.3594970703125,0,5
2023-01-09,0.5212938940807155,-9.12221548177258,-1.0,14.252413440774426,0.1872601060854579,0.2056760457416482,0,0.4919658920213226,1,1563.7391357421875,1286.6807861328125,1552.4794921875,0,5
2023-01-16,0.5423144755542276,-6.574713779911992,-1.0,13.340199332386348,0.0477336077697669,0.3180845164104253,0,0.1516950946160846,1,1674.1793212890625,1509.4228515625,1628.382080078125,0,5
2023-01-23,0.5473270726059336,-4.698666534930969,-1.0,12.786976659541873,0.0108557211047815,0.3004429475089125,0,0.0721118440707124,1,1653.7249755859375,1530.7978515625,1646.1556396484375,0,5
2023-01-30,0.542107300526791,-3.3305702200252,-1.0,12.669999555308747,-0.0088534100315573,0.3064639738520451,0,0.143612010794691,1,1704.4581298828125,1546.6607666015625,1631.6458740234375,0,5
2023-02-06,0.5007727246261502,-2.970424924303376,-1.0,13.552499226495309,-0.0741515667741392,0.1628444581543098,0,0.7125341568751719,0,1688.5272216796875,1501.4620361328125,1515.03369140625,0,5
2023-02-13,0.5531335513969338,-1.4212858448439252,-1.0,12.45534441365607,0.1042106064602768,0.0797949585291286,0,0.0959822786425168,1,1732.8011474609375,1470.02392578125,1681.4361572265625,0,3
2023-02-20,0.5382919611937269,-0.6296093760053874,-1.0,12.500001356283716,-0.02445391069043,0.0076074400689316,0,0.1000358926791571,1,1716.4893798828125,1567.6317138671875,1640.817138671875,0,2
2023-02-27,0.5105617097036192,-0.3626692606450684,-1.0,12.722906147169985,-0.0476480635413043,-0.0508963445771541,0,0.4866514270901331,1,1672.0511474609375,1551.73681640625,1564.46875,0,5
2023-03-06,0.519576836762628,0.0062520038037381,-1.0,12.649168749503945,0.0163719468397802,-0.0256709877058165,0,0.3531624442303909,1,1607.152587890625,1378.525390625,1590.29296875,1,5
2023-03-13,0.5822414611540159,1.1312697777809415,-1.0,11.54822819559581,0.1158230972713649,0.1643036763396876,0,0.3781523979410842,1,1843.8441162109373,1572.07470703125,1785.5765380859375,0,5
2023-03-20,0.5781246163174365,1.9670153705014768,-1.0,11.335187167829725,-0.0055597313370077,0.0545333385424031,0,0.3382225194356811,1,1853.8880615234373,1716.6519775390625,1775.6767578125,0,5
2023-03-27,0.5845260172604135,2.6544897079008667,-1.0,11.021328388549136,0.0112178232038058,0.090205072436639,0,0.4451879529842296,1,1844.6773681640625,1690.5166015625,1795.7081298828125,0,5
2023-04-03,0.6050430932204872,3.344341344540442,-1.0,10.544254637621854,0.034847857637926,0.1727009936158694,0,0.7741932368979746,0,1937.49755859375,1765.5189208984375,1859.3878173828125,0,5
2023-04-10,0.6756401988726068,4.416954208413931,-1.0,9.562111388222654,0.1311715494257823,0.2875005962018715,1,0.2579720850445555,1,2137.445068359375,1848.1641845703125,2120.005859375,0,1
2023-04-17,0.567516466299073,5.189967102017828,-1.0,11.235883804048424,-0.129734370412744,0.0419431285177624,0,0.7382758460654373,0,2121.531494140625,1827.7889404296875,1862.06201171875,0,5
2023-04-24,0.571768821194882,5.2786186678983205,-1.0,10.99805504163326,0.0079499530942914,0.0554528129490616,0,0.7066346992385472,0,1962.567626953125,1792.4638671875,1876.92431640625,0,5
2023-05-01,0.5702056240013831,5.314659359043498,-1.0,11.028050615846285,-0.0020522138610994,0.0421827758841564,0,0.7247885488690461,0,2017.5594482421875,1809.1932373046875,1873.076416015625,0,5
2023-05-08,0.5402068228776676,5.164865604960979,-1.0,11.225947346329928,-0.0395172748659753,-0.032182356619745,0,0.4596223913139109,1,1886.80029296875,1742.40380859375,1800.5009765625,0,5
2023-05-15,0.5416489823193097,4.827856021592974,-1.0,10.683831028195376,0.0022359839231649,-0.1611179221223624,1,0.502771078734285,0,1845.6954345703125,1774.195068359375,1804.5313720703125,0,5
2023-05-22,0.579169311726518,4.710423991514008,-1.0,9.937906945722212,0.0572808278026322,0.0258972760930138,1,0.5891229502888212,0,1915.7232666015625,1763.3651123046875,1910.9141845703125,0,3
2023-05-29,0.5695409958627191,4.740763627090542,-1.0,9.630632191291886,-0.0107332465806226,0.0072140764180996,1,0.7265288725179602,0,1926.4217529296875,1846.2274169921875,1890.5135498046875,0,2
2023-06-05,0.5083760197734495,4.412149056342436,-1.0,10.35395179897735,-0.075283035177164,-0.0660167448979649,1,0.2523561509087026,1,1896.22265625,1721.443115234375,1753.415283203125,0,5
2023-06-12,0.4946728127399125,3.734533918874656,-1.0,10.389974582811051,-0.0189054776590964,-0.045404947691086,1,0.0725910687753353,1,1766.76318359375,1624.1383056640625,1720.5775146484375,0,5
2023-06-19,0.564018084922726,3.5573140618352523,-1.0,9.586531032722652,0.099460222173894,0.051819290559643,1,0.6711874984439358,0,1932.5316162109373,1705.8134765625,1900.506103515625,0,5
2023-06-26,0.5768539393301989,3.7373287131822703,1.0,9.233701639705926,0.0192464437293882,0.013784906486399,1,0.4771070347984926,1,1958.1607666015625,1822.102783203125,1937.4383544921875,0,5
2023-07-03,0.5422088564221448,3.725572737138657,1.0,9.46400313286464,-0.0391733312158155,-0.0146551781487938,1,0.8814276322565611,0,1974.7750244140625,1832.025390625,1863.009765625,0,5
2023-07-10,0.5651366674901007,3.6963394207270768,1.0,9.169643036870166,0.0320476645277638,0.0926755215561341,1,0.5618625973813227,0,2026.2049560546875,1848.7772216796875,1923.681884765625,0,5
2023-07-17,0.5483244693550869,3.645712450874601,1.0,8.976691714188014,-0.0180919586382835,0.093489040576947,1,0.7877957870878534,0,1936.1776123046875,1855.0927734375,1889.191650390625,0,4
2023-07-24,0.5346436625964938,3.4455500445474088,1.0,8.661851047269677,-0.0146891791290588,-0.0206603607260058,1,0.955290082290028,0,1889.761962890625,1836.8524169921875,1861.643798828125,0,3
2023-07-31,0.5173937590390447,3.1179746427761463,1.0,8.428489430077734,-0.0185317214834226,-0.0584385259388167,1,0.7781824241924866,0,1877.511474609375,1817.413818359375,1827.4620361328125,0,2
2023-08-07,0.5231226087595362,2.808726223705825,1.0,8.044635097471057,0.0064461342264339,-0.0128190604965672,1,0.8899470156571923,0,1873.84716796875,1804.7166748046875,1839.2801513671875,0,1
2023-08-14,0.4482448853205019,2.0526967945847594,1.0,9.43553361517976,-0.0876965167318166,-0.1325632417561477,0,0.1430952439424162,1,1853.8363037109373,1551.7132568359375,1684.85205078125,0,5
2023-08-21,0.4363376045950143,1.124075147690058,1.0,9.337923061904783,-0.0163594329564036,-0.1308307160742678,0,0.0246913172090797,1,1696.593994140625,1596.384033203125,1657.5130615234375,0,5
2023-08-28,0.4267826988940516,0.2575399108918147,-1.0,9.393788063064209,-0.0129921587468633,-0.1291336956920723,0,0.0779432820052603,1,1742.6373291015625,1603.0341796875,1636.11767578125,0,5
2023-09-04,0.4178979694159788,-0.5361887463521189,-1.0,9.062173614928293,-0.0118594291278082,-0.1224614033364579,0,0.0498870892582408,1,1657.3037109375,1604.04052734375,1616.828857421875,0,5
2023-09-11,0.4219745848442915,-1.1202105932527873,-1.0,8.90578759272772,0.0037459210838184,-0.1251616164790734,0,0.0085903427660385,1,1652.1131591796875,1533.4267578125,1622.896728515625,0,5
2023-09-18,0.4010184823560465,-1.8204026749888529,-1.0,8.92204427666088,-0.0262478327832607,-0.0637129325305174,0,0.3068884685895884,1,1669.015380859375,1573.3057861328125,1580.8533935546875,1,5
2023-09-25,0.4985808078006248,-1.416045735645559,-1.0,8.318374859415423,0.0923567203977366,0.0450032208236228,0,0.181729007024156,1,1750.595703125,1565.0255126953125,1733.8104248046875,0,2
2023-10-02,0.4471659796867165,-1.7727426478554251,-1.0,8.78296794680758,-0.0595668502475952,-0.001571470677109,0,0.065588713895877,1,1743.5635986328125,1609.8499755859375,1633.548583984375,1,5
2023-10-09,0.4126655275082971,-2.44549535521546,-1.0,9.065121689401511,-0.047306930862276,-0.0370189724115768,0,0.4677715129526857,1,1635.4478759765625,1523.237548828125,1558.06982421875,1,2
2023-10-16,0.473706339671388,-2.1899057482521744,-1.0,8.417261991148836,0.0654339315276155,0.0246690380322203,0,0.0149641897090649,1,1667.6666259765625,1543.5850830078125,1663.429931640625,1,3
2023-10-23,0.5384788340378343,-1.3456040215128002,-1.0,8.0431705537733,0.0764274708382153,0.1273443416536963,0,0.6089610011415946,0,1865.09521484375,1663.447998046875,1795.5460205078125,1,2
2023-10-30,0.580026076517496,-0.3383324750076598,-1.0,7.578524591273485,0.0534650966880212,0.0884527179439809,0,0.9079849116251676,0,1911.608642578125,1779.364501953125,1894.15771484375,1,4
2023-11-06,0.6343219622687386,0.9593728571233804,-1.0,7.502074058360327,0.0767149715169512,0.2247345397085274,0,0.058009704195615,1,2134.69140625,1852.7908935546875,2045.18701171875,1,4
2023-11-13,0.6161554572035771,1.849765048988789,1.0,7.806226051554967,-0.015761518429513,0.2562799521412904,0,0.0718637093894677,1,2116.0107421875,1910.4454345703125,2013.2044677734373,1,3
2023-11-20,0.6338395780136381,2.64694370295012,1.0,7.762710564652589,0.0245722067511584,0.2154182273648333,0,0.1685718374329269,1,2132.481201171875,1933.1629638671875,2063.2861328125,1,2
2023-11-27,0.6757318818884636,3.5559617500156677,1.0,7.51253361770998,0.0612858878572675,0.2002766443838854,1,0.1297945648194089,1,2213.17578125,1988.120361328125,2193.691650390625,0,5
2023-12-04,0.7180303886958666,4.5956548949613225,1.0,7.14451278532814,0.0698769043642633,0.2166884520601275,1,1.0719297848370393,0,2401.760498046875,2191.17626953125,2352.462646484375,0,1
2023-12-11,0.6309532022189034,5.373230587846423,1.0,7.769230413431898,-0.0686060882706884,0.0713673922724877,1,0.1416933853046404,1,2354.9140625,2150.75439453125,2196.481201171875,1,4
2023-12-18,0.6511677780492584,5.736132260453605,1.0,7.693221416902235,0.0310236663831826,0.1181525770851834,1,0.5357908435854247,0,2341.947509765625,2120.12744140625,2265.692138671875,1,3
2023-12-25,0.6557967972004494,6.096782031754013,1.0,7.923313170387399,0.0069402020222018,0.1005205723562268,1,0.6039224698033124,0,2445.017578125,2180.225341796875,2281.47119140625,1,2
2024-01-01,0.6227430021603705,6.297805928095795,1.0,8.57089305058995,-0.0260231549389766,0.0132115295599826,1,0.2654043635522761,1,2431.21240234375,2113.92529296875,2222.865966796875,1,1
2024-01-08,0.6935284375610551,6.431054876181723,1.0,8.7115322440866,0.1063277727494345,0.0496623979451538,1,0.9479787074232014,0,2710.421875,2171.99365234375,2472.2412109375,0,2
2024-01-15,0.6833795609573398,6.952276551941923,1.0,8.72852875377746,-0.007441183717054,0.1108273024987882,1,1.0387686433635577,0,2613.56689453125,2414.7109375,2453.9130859375,0,1
2024-01-22,0.5845170800819017,7.179865540913351,1.0,9.74858069138306,-0.0835549490950731,-0.0037513129794675,1,0.3858626920176058,1,2463.447265625,2167.282470703125,2257.208740234375,1,3
2024-01-29,0.5948927324478462,6.818283893981128,1.0,9.395981150802609,0.0142246276467377,0.0035331126450683,1,0.5450073049014444,0,2388.87060546875,2237.711669921875,2289.546142578125,1,2
2024-02-05,0.6570725166886983,6.6619862285446,1.0,8.72854100599078,0.0909607717898115,0.1205170393738566,1,0.7713874827930488,0,2537.67919921875,2270.06787109375,2507.570556640625,1,2
2024-02-12,0.7324223926133187,7.063426827675441,1.0,8.09904213888584,0.1381279545262428,0.1523172211506649,1,0.8688488102382407,0,2892.843505859375,2473.81201171875,2878.998046875,1,2
2024-02-19,0.767097811690128,7.971312243666741,1.0,7.546031733685004,0.0780473050707,0.2378057099384189,1,1.857460313095418,0,3117.428955078125,2860.263671875,3112.697265625,1,2
2024-02-26,0.8100165815978921,8.895647159416392,1.0,7.23191815674729,0.1146967715330173,0.4360574305665095,1,0.3286249127102677,1,3518.96923828125,3037.95458984375,3490.99365234375,0,1
2024-03-04,0.8422978424720303,9.97224109025094,1.0,7.46597090146279,0.1059562004623586,0.5277890033821304,1,0.4875478246812871,1,3998.826416015625,3224.119384765625,3881.193115234375,0,1
2024-03-11,0.7574774078728841,11.62733465062402,1.0,8.716955811394925,-0.0634962125909623,0.3733320190013565,1,0.2155945053726801,1,4092.2841796875,3414.17236328125,3642.4130859375,0,1
2024-03-18,0.6979537477403999,12.51321360161153,1.0,9.739375575366989,-0.0529291632068069,0.1822749012683067,1,0.3546446026631836,1,3642.4970703125,3059.65478515625,3454.636474609375,0,3
2024-03-25,0.7221488437745996,12.326272450033098,1.0,9.067907629629332,0.0544224853297361,0.1586500815273428,1,0.223397092157548,1,3678.789794921875,3421.79052734375,3647.8564453125,0,1
2024-04-01,0.664487551831401,12.816467853217144,1.0,9.809267295227151,-0.0547530655391774,-0.010799755544852,1,0.3556047949607601,1,3648.129150390625,3205.649169921875,3453.49462890625,0,1
2024-04-08,0.5874183557238024,12.936840286279406,1.0,11.92188024656476,-0.0897828501581727,-0.2065388061653834,1,1.1080102574349682,0,3727.616455078125,2862.3935546875,3156.94189453125,0,5
2024-04-15,0.5850396607461187,11.952621498496498,1.0,12.031976816905068,-0.0030624920535853,-0.1461050856280064,1,1.1267309298384882,0,3277.5615234375,2868.7958984375,3147.28857421875,1,5
2024-04-22,0.6056151012089535,10.906714782651456,1.0,11.389714018065668,0.0360366434547909,-0.0571392789664084,1,0.8373740878222171,0,3351.176513671875,3071.340087890625,3262.774658203125,0,1
2024-04-29,0.5723932008151518,10.387154902602258,1.0,12.068386084794987,-0.0392316467992994,-0.150793411095444,1,1.153442962494068,0,3285.46875,2815.92333984375,3137.2490234375,1,3
2024-05-06,0.521234727998949,9.62966331238868,1.0,12.831503519596485,-0.0687870199451028,-0.1648273655013694,1,0.6713592108978351,0,3220.15234375,2881.000732421875,2928.701904296875,1,2
2024-05-13,0.5509040180064841,8.329721043820925,1.0,12.018375898206092,0.0477184241475905,-0.0273260911956061,1,1.071102185769868,0,3146.79052734375,2863.5458984375,3071.843017578125,1,1
2024-05-20,0.6677218800646203,7.648558763169726,1.0,10.628074836888931,0.2195153571366344,0.1952517579946135,1,0.4834295956250188,1,3943.553955078125,3050.2978515625,3825.8974609375,0,3
2024-05-27,0.6567425990183466,8.317979892148216,1.0,10.498915222466715,-0.0118320525210311,0.1473830620187914,1,0.5213104750051687,0,3973.556396484375,3702.263671875,3780.89599609375,0,2
2024-06-03,0.6379183590492645,8.69048663656375,1.0,10.470928272500512,-0.0200338456074469,0.166580863210644,1,0.3400235629741148,1,3887.48583984375,3615.2802734375,3705.90380859375,0,3
2024-06-10,0.6162704190808023,8.769672949689634,1.0,10.633225925563714,-0.0232975017056524,0.2120703814500943,1,0.1210528997315415,1,3711.4287109375,3366.223876953125,3620.5634765625,0,3
2024-06-17,0.5672160423682291,8.606378832363532,1.0,11.005866826281494,-0.0573951031948922,0.1069568541076115,1,0.4128884270442041,1,3634.285400390625,3371.59033203125,3418.61181640625,0,2
2024-06-24,0.5698230258050687,7.974486445632797,1.0,10.673929357208102,0.0041676603315288,-0.108390842697494,1,0.3849938372878054,1,3482.95751953125,3244.241455078125,3432.88916015625,0,1
2024-07-01,0.4637332004104146,7.320219850803622,1.0,13.290957488353556,-0.1586089705727662,-0.2551677607492291,0,0.2914234746697425,1,3513.310791015625,2826.014404296875,2929.38720703125,0,5
2024-07-08,0.5234518048280022,5.876043479633155,1.0,12.113216979887444,0.1020382631174197,-0.1330956520243624,0,0.8394725637981223,0,3266.487548828125,2826.481689453125,3244.0791015625,0,3
2024-07-15,0.5712485660515205,5.460853075518454,1.0,10.945429962821724,0.086335840052623,-0.0234623102660869,0,0.096499760331295,1,3546.619140625,3235.776123046875,3536.60546875,0,1
2024-07-22,0.5203096326144777,5.249635194284131,1.0,12.016391256549136,-0.0779295855420834,-0.043996792613278,0,0.7694896522061612,0,3560.075439453125,3088.764404296875,3271.464599609375,0,1
2024-07-29,0.4293326950808456,3.9589517768937794,1.0,15.601115799434451,-0.1970361669571811,-0.245200619901988,0,0.3090476679367588,1,3396.625732421875,2639.566650390625,2686.39892578125,0,1
2024-08-05,0.411690568646021,1.6955212261474224,1.0,16.919080546816524,-0.0508336894164056,-0.1374253387456274,0,0.6080536375661458,0,2721.95458984375,2122.546142578125,2553.252197265625,0,5
2024-08-12,0.4232128164922021,-0.0694700508359287,1.0,16.065037390580258,0.0232677517339512,-0.2161958501290959,0,0.4824878580651259,1,2775.281005859375,2513.39404296875,2613.357177734375,0,3
2024-08-19,0.4494492311488458,-0.9567118691145614,1.0,14.911687477332014,0.0506589094664953,-0.2518727807152237,0,0.1628645150392659,1,2820.0205078125,2538.65771484375,2749.15771484375,0,2
2024-08-26,0.4027742476781166,-2.916641060652551,1.0,16.743214579175504,-0.1242669277245482,-0.2982101228976885,0,0.6287711652315799,0,2763.004150390625,2401.175048828125,2427.90234375,0,5
2024-09-02,0.3852571220647701,-5.018907641290644,1.0,17.712892096336,-0.0552961918744401,-0.1564701478149475,0,0.3071675344956174,1,2563.0859375,2150.86328125,2297.29296875,0,5
2024-09-09,0.3904169419200201,-6.33184708763909,1.0,16.861117272536568,0.0102223826417366,-0.0954140757568051,-1,0.379721080605186,1,2462.802978515625,2274.115478515625,2320.897216796875,0,5
2024-09-16,0.4459938002638776,-5.775981155440605,1.0,15.115023226344812,0.1069444566313881,-0.0117373708593682,-1,0.5969790659525729,0,2632.039306640625,2253.715087890625,2582.862548828125,0,5
2024-09-23,0.4614326420521458,-5.382199587509828,1.0,14.131720900289702,0.0291822763651738,-0.0332140039606896,-1,0.4166355267097024,1,2728.067626953125,2541.910400390625,2659.346923828125,0,5
2024-09-30,0.4248587029318524,-6.322157333436541,1.0,15.331092334024904,-0.0860998461066913,0.0049530776571673,-1,0.7155209879952233,0,2662.489013671875,2311.02783203125,2439.957763671875,1,5
2024-10-07,0.4309953346558535,-6.443560110202292,1.0,14.627869182254402,0.0112964938823765,0.071545763413984,-1,0.8182865826470902,0,2520.40625,2329.78466796875,2467.677001953125,1,4
2024-10-14,0.4899220433196471,-5.049692423876159,1.0,13.01844675897198,0.1070006369177374,0.1683240176899847,-1,0.1945530731142648,1,2756.436767578125,2443.552978515625,2746.364013671875,0,1
2024-10-21,0.4469216587596465,-5.601040322274568,1.0,14.343174058246351,-0.0916136774431963,-0.0302341163845998,-1,0.8624250353836701,0,2765.549560546875,2381.45068359375,2505.940673828125,1,2
2024-10-28,0.4383876737607881,-5.863077586742277,1.0,14.485281534629731,-0.0199570223585219,-0.0793734151082956,-1,0.7985046599868022,0,2720.271484375,2411.3984375,2456.42529296875,1,1
2024-11-04,0.5697145212167836,-2.7144166056305727,1.0,12.34593916381364,0.2617310046093957,0.2684574356077913,0,0.9528125123176006,0,3249.9140625,2359.578125,3191.331298828125,1,4
2024-11-11,0.5479942472124015,-1.622337001407893,1.0,12.889230634846982,-0.0369181253466361,0.2202428163787786,0,0.6551947579479268,0,3444.154052734375,3016.14404296875,3075.66162109375,1,3
2024-11-18,0.5899156909739461,0.0719780059754357,1.0,11.935014417872267,0.0895096012728267,0.2027517807338679,0,0.5238474695247389,0,3499.370849609375,3032.603271484375,3363.659912109375,0,5
2024-11-25,0.6340222285444443,1.9159789055441128,1.0,10.991552584518296,0.0983162133060311,0.3926816714830954,0,0.3363567150831963,1,3747.455322265625,3255.54296875,3711.1650390625,0,3
2024-12-02,0.6667397514446307,3.6848234488937934,1.0,10.506152995776974,0.0763736385736226,0.48901233241524,0,0.0763895466802375,1,4093.172119140625,3504.226318359375,4005.70458984375,0,1
2024-12-09,0.655225270677432,5.100444536842334,1.0,10.771204831792735,-0.0135126009538097,0.2137687268520345,0,0.0507791227898624,1,4008.77783203125,3520.365234375,3951.941162109375,0,1
2024-12-16,0.5312798427097635,5.728383382715891,1.0,14.25828393128316,-0.1871152285017618,0.0635716236969088,0,0.6343081368228551,0,4106.95556640625,3098.20361328125,3277.53515625,0,5
2024-12-23,0.5412540138814887,5.389646056180736,1.0,13.649378200358044,0.0217234266925956,-0.0042145508833222,0,0.4909291086279918,1,3542.833740234375,3217.36865234375,3349.513427734375,0,5
2024-12-30,0.5793667556810183,5.379952542246542,1.0,12.418957790870069,0.0815474322256246,-0.0209833319637287,0,0.1332620895699801,1,3673.81298828125,3298.804443359375,3634.103759765625,0,1
2025-01-06,0.5192659666900105,5.378462779048974,1.0,14.110282631047086,-0.1068114780608322,-0.2041684485981836,0,0.6683717006624503,0,3743.941650390625,3159.384033203125,3265.951171875,0,3
2025-01-13,0.5104391961035624,4.78516469231831,1.0,14.681650226451568,-0.0176027896098496,-0.2082586372542234,0,0.8342536337784561,0,3525.54345703125,2920.5927734375,3208.96435546875,0,3
2025-01-20,0.5146750722747034,4.22275372226316,1.0,14.173515171834538,0.0084312387978346,-0.0127121699546268,0,0.9161429539841992,0,3444.28271484375,3147.52294921875,3236.13427734375,0,1
2025-01-27,0.457076714432733,3.2260047955877136,1.0,16.545256366762935,-0.1205230127754442,-0.1549586094226667,0,0.1111797469731155,1,3437.569091796875,2755.474609375,2868.69287109375,0,1
2025-02-03,0.423725037555148,1.4374870392764003,1.0,18.831591325709944,-0.0873589914846197,-0.3238650331329111,-1,0.3781632151384602,1,2919.477294921875,2159.280517578125,2628.72119140625,0,3
2025-02-10,0.4301801049408836,-0.1045280154912709,1.0,17.912909779081478,0.013074443225185,-0.2039791118468938,-1,0.3198798120947405,1,2794.867431640625,2551.174560546875,2663.31591796875,0,2
2025-02-17,0.4599333813507955,-0.7774892412049106,1.0,16.31895208007214,0.0576294912417303,-0.1287468309953139,0,0.0117004041142052,1,2850.6103515625,2606.900390625,2821.310302734375,0,1
2025-02-24,0.4153467173946283,-2.411031769286142,1.0,19.12972121297757,-0.1130637275985186,-0.2502417973916673,-1,0.6145690392746253,0,2839.010009765625,2076.169921875,2519.694580078125,0,1
2025-03-03,0.3536327436215961,-6.484170613154899,1.0,24.089128626798946,-0.2232658497988877,-0.3529846344151108,-1,0.0185143779012938,1,2522.316650390625,1991.1934814453125,2015.5091552734373,0,5
2025-03-10,0.3398200791022753,-10.289705571721491,-1.0,25.36135029061857,-0.0656530504915355,-0.3312786934220266,-1,0.286336285067397,1,2150.706298828125,1760.9417724609375,1887.43505859375,0,4
2025-03-17,0.3644236301405978,-11.587513464130357,-1.0,22.864713115514142,0.0605744782273278,-0.2837786584198838,-1,0.0418730387417983,1,2068.764404296875,1872.5089111328125,2005.2991943359373,0,2
2025-03-24,0.3412876486342056,-15.252259728946118,-1.0,24.88682861691476,-0.1045577696258952,-0.4459659192875094,-1,0.3223148292459047,1,2101.9833984375,1769.4127197265625,1806.2186279296875,0,5
2025-03-31,0.3163545528336967,-20.577035816546143,-1.0,28.337975623408813,-0.1358836730520716,-0.4687858647410623,-1,0.1061076985530593,1,1951.1802978515625,1539.43798828125,1576.72802734375,1,5
2025-04-07,0.3210003138409206,-22.39071101591097,-1.0,27.328729290916502,0.0125782692991078,-0.2329417456430667,-1,0.0629134110916153,1,1687.18798828125,1386.79931640625,1596.685791015625,1,4
2025-04-14,0.3199243767839743,-23.941372000106128,-1.0,26.197401733851244,-0.0057606519321744,-0.1730493470837055,-1,0.0880623340622598,1,1689.8575439453125,1540.0338134765625,1587.5142822265625,1,3
2025-04-21,0.3707783800253741,-21.029916497058306,-1.0,22.79265284443053,0.1216454451136686,-0.1119783801973648,-1,0.3218720458600919,1,1856.44384765625,1542.0003662109375,1792.864990234375,1,3
2025-04-28,0.3746358041395956,-20.40860865878165,-1.0,21.52080299650978,0.0087349860489789,0.0013143754775093,-1,0.3783413158983935,1,1872.9395751953125,1736.1429443359375,1808.59423828125,1,1
2025-05-05,0.516907197262164,-12.05936489594968,-1.0,16.816451841764092,0.3278276073058341,0.4650256558354151,-1,0.7241452288206374,0,2603.264404296875,1753.3154296875,2510.23779296875,0,5
2025-05-12,0.5147495516259809,-9.935477554025358,-1.0,16.811735379758474,-0.0047935477045806,0.4476538388317266,0,0.7564104721134626,0,2736.89013671875,2344.668212890625,2498.233642578125,0,5
2025-05-19,0.5242855593132721,-7.775306181915559,-1.0,16.34092973769133,0.0212009126187293,0.4746154033826304,0,0.6335032600876642,0,2731.220703125,2353.427001953125,2551.763916015625,0,4
2025-05-26,0.5210928142640815,-6.243920693909886,-1.0,16.14571577059616,-0.0060917902162289,0.3468781680527328,0,0.6829257736143005,0,2784.75244140625,2472.540771484375,2536.266357421875,0,3
2025-06-02,0.5155342596270512,-5.066777897490373,-1.0,15.970633385825629,-0.010096768211544,0.3280464137922099,0,0.7609598556382433,0,2677.970458984375,2387.608642578125,2510.787109375,0,5
2025-06-09,0.5232826534007448,-3.8670698439643743,-1.0,15.83622086555199,0.0142559658306264,0.0144747723170022,0,0.6671733163184641,0,2877.62939453125,2443.962646484375,2546.837158203125,0,1
2025-06-16,0.4541469538358743,-4.5002509729927,-1.0,18.613896766393548,-0.1336522797946155,-0.1143839597730327,0,0.2188462216743379,1,2680.087646484375,2116.681396484375,2228.213134765625,1,4
2025-06-23,0.5134113506934839,-3.149794589967475,-1.0,16.347286177752476,0.1154746631327645,-0.0201102092589975,0,0.7703847131278999,0,2523.320556640625,2191.418212890625,2500.9599609375,1,3
2025-06-30,0.527642015246561,-2.155634972136349,-1.0,15.478118611304946,0.0277122971660137,0.0136938781232451,0,0.6148232420060591,0,2635.192138671875,2378.3935546875,2571.236572265625,1,2
2025-07-07,0.5997701538259116,-0.1487750787343603,-1.0,13.67853031197543,0.1453053123627627,0.169095958697552,0,0.3870936328616715,1,3038.14111328125,2517.903564453125,2973.35888671875,1,1
2025-07-14,0.6971335762999965,2.6146263679718174,-1.0,11.727105801623065,0.2345861197928949,0.3894261126598204,0,0.4855886501274222,1,3819.398681640625,2934.371337890625,3759.471435546875,1,4
2025-07-21,0.7083851006041041,4.822661043516057,1.0,11.231244449236945,0.0303309229856356,0.5534093154400717,0,0.2258757745062516,1,3876.93359375,3514.999267578125,3875.24658203125,0,1
2025-07-28,0.6265691389264632,6.4055992307576055,1.0,12.745896452962016,-0.1025954210334401,0.335339231273867,0,1.0682072872340738,0,3940.652099609375,3357.93896484375,3497.379150390625,1,2
2025-08-04,0.7010460184156021,7.309133261297884,1.0,11.141372930113262,0.1958970342753865,0.5035239683832398,1,0.3106940067942941,1,4332.21044921875,3491.554931640625,4254.2177734375,0,5
2025-08-11,0.7185427040186534,8.784973017527893,1.0,10.828435164719934,0.0502091085388904,0.4084277645593674,1,0.7562490359079681,0,4788.5517578125,4168.875,4473.271484375,0,5
2025-08-18,0.7413441567227298,9.984115322982626,1.0,10.738653265224368,0.0662467742073715,0.2400884189738441,1,1.310601045103124,0,4953.73291015625,4064.965087890625,4779.6474609375,0,1
2025-08-25,0.6673059941630374,11.541586183201996,1.0,11.72247074285455,-0.0850332259577726,0.1247242700304358,1,0.5500450677517714,0,4796.35009765625,4264.1953125,4390.01904296875,0,4
2025-09-01,0.6520655456748199,12.01389992443788,1.0,11.545678188516648,-0.0194756738767711,0.2078440171871047,1,0.3991137385003251,1,4490.3466796875,4221.24755859375,4305.34765625,0,5
2025-09-08,0.6803187962380681,11.799113669652847,1.0,10.765688442148477,0.0682826858912477,0.080229668802966,1,1.012870739313092,0,4763.361328125,4277.85302734375,4609.59765625,0,2
2025-09-15,0.6507174038912169,12.26485076027806,1.0,10.740795501750643,-0.0349378508060169,-0.0049172905419414,1,0.7202837493991242,0,4670.5302734375,4428.330078125,4451.3291015625,0,1
2025-09-22,0.59603858204609,12.474329187638624,1.0,11.80303294675714,-0.0721503442335116,-0.1433144089828246,1,0.0706211021856313,1,4457.08251953125,3829.0107421875,4141.4765625,0,2
2025-09-29,0.6358118592686557,11.462650081925307,1.0,10.88849759133647,0.0864464554560147,0.0281652724309626,1,0.8307892970956101,0,4616.533203125,4087.92724609375,4515.4228515625,0,1
2025-10-06,0.5782609866893601,11.632947349787802,1.0,13.184112993295477,-0.080919969845473,-0.0332790235377391,1,0.1046770158810145,1,4755.22021484375,3460.222412109375,4164.427734375,0,4
2025-10-13,0.5507625485992103,11.007696829136952,1.0,13.895795043920566,-0.0441294742227977,-0.1456911836517846,0,0.0200348325227678,1,4292.845703125,3678.620361328125,3984.649658203125,0,3
2025-10-20,0.5719010428132679,9.897633932106508,1.0,13.154224090472349,0.0425822126873498,-0.0681711201584178,1,0.0933057448417517,1,4177.310546875,3718.0771484375,4157.9892578125,0,2
2025-10-27,0.5333973233124965,9.356579323979378,1.0,14.024550289226582,-0.0612223424512201,-0.0572431183761263,0,0.1139327899064916,1,4250.669921875,3681.909423828125,3911.063232421875,0,1
2025-11-03,0.4864809925984959,8.369397617315869,1.0,15.910464558224536,-0.0877145137223855,-0.2314040875545266,0,0.6858369044253164,0,3912.63330078125,3063.0869140625,3582.621337890625,0,1
2025-11-10,0.4262695159241704,6.6466391077458855,1.0,18.61259493017674,-0.1470025905721659,-0.2974867082812196,0,0.481055616252623,1,3656.14892578125,3007.07275390625,3092.847412109375,0,5
2025-11-17,0.3949714952342442,3.788426423639245,1.0,20.58672789328335,-0.0988743405880718,-0.3522315746464937,0,0.0247017528271358,1,3218.13037109375,2626.87158203125,2801.676025390625,0,5
2025-11-24,0.4247221470631608,1.4110307601670364,1.0,18.691308286239945,0.0657618573917222,-0.3290519299421213,0,0.3150370844620636,1,3095.033203125,2763.3779296875,2992.112548828125,0,5
2025-12-01,0.4355812729706549,-0.0921751742850045,1.0,18.172856476248544,0.0228605605608152,-0.2449690269300859,0,0.4410694972099293,1,3238.555419921875,2720.4365234375,3061.3017578125,0,5
2025-12-08,0.4354908078568741,-1.2459945029956188,1.0,17.84006174919519,-0.0002309843869294,-0.1574854975946298,0,0.4481062533387854,1,3446.622802734375,3034.692626953125,3060.5947265625,0,5
2025-12-15,0.4275141616756587,-2.3344853933184537,1.0,17.83839096749469,-0.019459184949186,-0.0299420919716499,0,0.346799956233979,1,3175.1181640625,2777.11962890625,3001.61376953125,0,5
2025-12-22,0.4200620819023691,-3.3415347149220667,1.0,17.30883853129678,-0.0178303993682398,0.051101849248182,0,0.2599028591943698,1,3073.353759765625,2888.988037109375,2948.568115234375,0,5
2025-12-29,0.4569850584206454,-3.323164282032202,1.0,15.661880858140794,0.0631293641925783,0.0484693560490381,0,0.6602782151657111,0,3160.551025390625,2908.748046875,3140.71044921875,0,4
2026-01-05,0.4534534893268809,-3.510897645679365,1.0,15.21990675340484,-0.0069733844774244,0.0186354110107984,0,0.6382291665306333,0,3303.5634765625,3052.509765625,3118.88525390625,0,3
2026-01-12,0.4853020294355507,-3.0272039937634254,1.0,14.151828784254873,0.0507206743989829,0.0695870697967109,0,1.0019178742385555,0,3397.897705078125,3068.07275390625,3281.15771484375,0,1
2026-01-19,0.411298737880172,-4.522141016808905,1.0,16.572276572730154,-0.15291356333387,-0.063867308587973,0,4.499235662841645e-05,1,3282.65478515625,2785.896728515625,2815.90234375,0,1
2026-01-26,0.3446436220923013,-8.445657779906064,-1.0,21.67824357853912,-0.2163998738751109,-0.2624367830948442,0,0.3017381932178437,1,3040.718505859375,2224.117919921875,2267.96484375,0,1
2026-02-02,0.3260340920784849,-12.15841412952332,-1.0,24.060550449220948,-0.0823108890140824,-0.4078770363015049,-1,0.0613863967112712,1,2393.0634765625,1748.627685546875,2088.762939453125,0,5
2026-02-09,0.3135480009210911,-15.755366991302902,-1.0,24.636227378284357,-0.0605491183273434,-0.4614527701514239,-1,0.1242095432155657,1,2144.97607421875,1897.3348388671875,1966.04296875,0,5
2026-02-16,0.3126824180633423,-17.907793801918285,-1.0,23.448264679101747,-0.0041984657945857,-0.5163719103449926,-1,0.1489943204361432,1,2037.1585693359373,1906.822021484375,1957.805908203125,0,5
2026-02-23,0.3105818080282273,-19.60213340565708,-1.0,23.24138081419209,-0.0096176623577317,-0.3730760093688543,-1,0.1933545727249739,1,2145.506103515625,1804.1136474609373,1939.066650390625,0,5
2026-03-02,0.3102868837141986,-20.60692294634628,-1.0,22.65382972150159,-0.0012704453747396,-0.157946580868483,-1,0.2042332522649391,1,2198.65673828125,1915.301025390625,1936.604736328125,0,5
2026-03-09,0.3730185226806178,-17.91887978235164,-1.0,19.614813693179485,0.1172302501906319,0.0415945583362313,-1,0.1354752410436834,1,2206.813232421875,1930.59912109375,2177.476318359375,0,5
2026-03-16,0.3550534471827193,-18.93231193533533,-1.0,20.561138931976384,-0.0588408703617631,0.0433028063018117,-1,0.0635903064532264,1,2384.466552734375,2027.0478515625,2053.04833984375,0,5
2026-03-23,0.3449189655696567,-19.606762585058103,-1.0,20.703872257555947,-0.0349368999892556,0.0125643721071417,-1,0.106330846145116,1,2198.369873046875,1939.5286865234373,1982.5596923828125,0,5
2026-03-30,0.3791507786138552,-17.744014114417237,-1.0,18.70441984319012,0.0618230340662657,0.0840050685311393,-1,0.0269171772531452,1,2165.666259765625,1979.076904296875,2108.99560546875,0,5
2026-04-06,0.4013222545838966,-16.055171788981127,-1.0,17.57584505328919,0.0386943225743792,0.1239698364802581,-1,0.1883929444743954,1,2327.457763671875,2061.467529296875,2192.201171875,0,5
2026-04-13,0.4207895692447149,-14.33654179327256,-1.0,16.706166320044787,0.0326319698575261,0.0393715561471523,-1,0.3840132024710202,1,2464.783447265625,2176.32470703125,2264.9169921875,0,5
2026-04-20,0.4486206617206637,-12.29249741996605,-1.0,15.311448696420625,0.0452374940432704,0.1434499205521859,-1,0.6893268222919389,0,2422.8603515625,2262.052978515625,2369.72900390625,0,5
2026-04-27,0.4382157190691364,-11.441860400740392,-1.0,15.07379512434222,-0.0205036057388783,0.1578832148025633,-1,0.5772738941626195,0,2403.7265625,2221.223876953125,2321.6357421875,0,4
2026-05-04,0.4517153062323273,-10.07684254131078,-1.0,14.190983906650937,0.0202144766306204,0.116274657366918,-1,0.7419307451753417,0,2423.040283203125,2265.833251953125,2369.0439453125,0,2
2026-05-11,0.3991228366866154,-11.006304785960776,-1.0,15.603302108307089,-0.1074706169764212,-0.0298902821838824,-1,0.024192492138282,1,2374.303466796875,2097.02099609375,2127.645263671875,0,3
2026-05-18,0.3930691185715807,-10.977497482656716,-1.0,15.188630711374332,-0.0140342574180047,-0.0765565094594133,-1,0.0678469448276793,1,2155.964111328125,2010.5504150390625,2097.993896484375,0,2
2026-05-25,0.3737851560632051,-11.581014373428044,-1.0,15.376146990288705,-0.0456659965668544,-0.1674600000695383,-1,0.3740291006671575,1,2138.411376953125,1966.2794189453125,2004.341552734375,0,1
